PUBCHEM_RESULT_TAG,PUBCHEM_SID,PUBCHEM_CID,PUBCHEM_EXT_DATASOURCE_SMILES,PUBCHEM_ACTIVITY_OUTCOME,PUBCHEM_ACTIVITY_SCORE,PUBCHEM_ACTIVITY_URL,PUBCHEM_ASSAYDATA_COMMENT,Average Inhibition at 8.3 uM,Standard Deviation,Inhibition at 8.3 uM [1],Inhibition at 8.3 uM [2],Inhibition at 8.3 uM [3]
RESULT_TYPE,,,,,,,,FLOAT,FLOAT,FLOAT,FLOAT,FLOAT
RESULT_DESCR,,,,,,,,Normalized percent inhibition of the confirmation screen at a compound concentration of 8.3 uM.,Standard deviation derived from the normalized percent inhibition of the triplicate data for each compound.,Percent inhibition of the confirmation screen at a compound concentration of 8.3 uM; replicate 1.,Percent inhibition of the confirmation screen at a compound concentration of 8.3 uM; replicate 2.,Percent inhibition of the confirmation screen at a compound concentration of 8.3 uM; replicate 3.
RESULT_UNIT,,,,,,,,PERCENT,NONE,PERCENT,PERCENT,PERCENT
RESULT_ATTR_CONC_MICROMOL,,,,,,,,8.3,,8.3,8.3,8.3
1,99356395,294721,COC(=O)CC1(NC2=CC(=C(C=C2S(=O)(=O)N1O)Cl)Cl)C(=O)OC,Active,99,,,59.54,1.84949,60.0642,57.0575,61.4956
2,14724300,776361,CCNC1=C2C3=C(C4=CC=CC=C4C2=O)ON=C3C=C1,Active,89,,,53.27,2.19227,55.109,50.1885,54.5112
3,47193671,493570,CC1=CC2=C(C=C1C)N(C3=NC(=O)NC(=O)C3=N2)C[C@@H]([C@@H]([C@@H](CO)O)O)O,Active,89,,,53.27,2.19186,55.1083,50.1889,54.5109
4,26659839,776411,CN(C)/C=C/1\C=C2C(=O)C3=CC=CC=C3N2C1=O,Active,89,,,53.27,2.19137,50.1891,54.5093,55.1081
5,24823236,87615,C1=CC=C(C=C1)CNC2=CC=C(C3=NON=C23)[N+](=O)[O-],Active,77,,,46.18,5.5628,49.3267,38.365,50.8553
6,56463121,135624201,CC1=NCCC2=C1NC3=C2C=CC(=C3)O.O.Cl,Active,58,,,34.58,0.112792,34.6715,34.6447,34.42
7,49674898,6524080,CCOC1=C(C=CC(=C1)/C=C/2\CCCC3=C(C4=CC=CC=C4N=C23)C(=O)O)OC,Active,52,,,31.41,1.56629,32.0104,29.2655,32.9593
8,49665518,3091494,CN1C(=O)C2=C3C(=C(C=C2)N)C=CC=C3C1=O,Active,51,,,30.82,0.525632,31.5148,30.6998,30.2441
9,4245397,677487,C1CN2C=NC3=CC=CC4=C3C2=C(C1=O)C=C4,Active,50,,,30.17,2.1181,30.7193,32.4497,27.3486
10,17402866,1486031,C1=CC(=CC=C1CNC(=O)C2=CC=C(C=C2)CN3C=C(C=CC3=O)C(F)(F)F)Cl,Active,45,,,26.85,0.551689,27.3762,27.096,26.0913
11,99360882,324140,COCCN1C2=CC=CC=C2N=C3C1=NC(=O)N(C3=O)C4=CC=CC=C4,Active,44,,,26.34,0.846275,25.1404,26.9452,26.9258
12,47199273,23723895,C1=CC=[N+]2C(=C1)C=CC3=C2C=C(C=C3)N.[O-]Cl(=O)(=O)=O,Active,41,,,24.83,1.58056,26.2221,22.6185,25.6459
13,49678912,22424060,C1=CC=C2C(=C1)NC(=N2)C3=CC4=C(C(=CC=C4)O)OC3=O,Active,35,,,21.24,1.00401,22.2898,19.8845,21.531
14,121283145,135410845,CCOC(=O)C1=NC2=CC=CC3=C(C=CC1=C32)O,Active,35,,,21.13,0.176074,20.9203,21.3515,21.1275
15,14728463,9549757,C1=CC=[N+]2C(=C1)C=CC3=C2C=C(C=C3)O.[I-],Active,34,,,20.26,0.590616,20.7363,20.6214,19.4299
16,26664718,305814,CCOC(=O)C1=CC=C(C=C1)NCC#C,Active,33,,,19.9,0.787283,20.3581,18.7907,20.5473
17,17513336,5419018,CC1=CC2=C(C=C1N)N=C3C(=N2)C(=O)N(C(=O)N3)C4CCCCC4,Active,28,,,16.86,0.711688,15.9754,16.898,17.7177
18,7977444,2904872,CN1C=CN=C1C(C2=C(C=CC3=CC=CC=C32)OC)O,Active,28,,,16.76,0.831842,17.0843,15.6192,17.5782
19,4264314,752372,CCOC(=O)N1CCN(CC1)CC2=NC(=NO2)C3=CC=C(C=C3)C,Active,27,,,16.19,0.918714,17.4123,15.1978,15.958
20,121286248,135455478,C1=CC=C2C(=C1)N=C(O2)C3=CC4=C(C=C(C=C4)O)OC3=O,Active,24,,,14.42,0.528746,13.857,15.13,14.2869
21,17511964,6883561,C#CCN1C=C(C2=CC=CC=C21)/C=N/NC(=O)C3=CC4=CC=CC=C4O3,Active,24,,,14.36,0.889426,14.714,13.1385,15.2294
22,125001390,53338848,CC(C)N1CCC2=C(C1)SC(=C2C3=NC4=CC=CC=C4S3)NC(=O)CCC#C.C(=O)(C(F)(F)F)O,Active,23,,,13.99,0.572742,14.7097,13.967,13.3076
23,85146995,44142831,CC1=CC2=C(C=C1)OC[C@H]3[C@H]2N4C(=O)CN(C(=O)[C@]4([C@H]3C5=CC=CC=C5)C)CC6=CC=C(C=C6)F,Active,23,,,13.8,1.29852,13.3009,12.5148,15.577
24,24810917,4214837,C#CCNC1=CC=C(C=C1)[N+](=O)[O-],Inactive,22,,,13.69,0.798531,13.4027,12.8915,14.7822
25,136947191,5200079,C1=CC=C2C(=C1)C=CC=C2CSC3=NN=C(N3C4=CC=C(C=C4)Cl)C5=CC=CO5,Inactive,22,,,13.35,1.49311,11.3468,14.934,13.7581
26,49645574,24747196,CC1(C2=C(C[C@H]3N1C(=O)N(C3=O)CC4=CC=C(C=C4)F)C5=CC=CC=C5N2)C,Inactive,22,,,13.28,0.2705,13.3258,13.5801,12.923
27,144096709,60158856,CCCCCC[C@@H](CC)CN(C1=CC=CC=C1)C(=O)OC2=CC=CC=C2,Inactive,21,,,12.79,1.76753,10.8809,15.1408,12.3412
28,92764796,367851,CCN(CC)CCCNC1=C2C3=C(C=C1)N=CN3C4=C(C2=O)C=C(C=C4)O.Cl,Inactive,21,,,12.75,0.560965,12.967,13.297,11.9768
29,26671199,910931,CC1=NN(C=C1N2C(=O)C3=C4C(=C(C=C3)N)C=CC=C4C2=O)C,Inactive,21,,,12.52,1.00827,13.4798,12.9482,11.1253
30,17386172,11838394,CCC1=CC=C(C=C1)C(C)NC(=O)/C(=C\C2=C(NN=C2)C3=CC=CC=C3)/C#N,Inactive,20,,,12.46,0.966511,13.7905,12.0471,11.5317
31,47196387,2215042,CC(=O)NC1=CC=C(C=C1)C2=CSC(=N2)NCCC3=CC=CC=C3,Inactive,20,,,12.03,0.502392,11.3359,12.4976,12.2683
32,24832765,8572,C1=CC=C(C=C1)C(=O)C2=C(C=C(C=C2)O)O,Inactive,19,,,11.88,0.353454,12.3297,11.8518,11.4655
33,17514698,1263816,CC(=O)NC1=CC=C(C=C1)NC2=C3C4=CC=CC=C4C(=O)C5=C3C(=CC=C5)N(C2=O)C,Inactive,19,,,11.55,0.699557,10.9324,12.5247,11.1803
34,47204254,881885,COC1=C(C=C(C=C1Cl)C(=O)NCC2=CC=CO2)Cl,Inactive,19,,,11.31,1.52649,12.735,12.009,9.19545
35,24823842,16195593,CC1=CC2=C(C(=C1N)[N+](=O)[O-])N=C3C(=N2)C(=O)NC(=O)N3,Inactive,18,,,11.31,1.1999,10.5989,10.3218,12.9944
36,87347088,3845979,CN1C2=CC(=C(C=C2N=C1N=NC3=C(C=C(C=C3)OC)OC)Br)Br,Inactive,18,,,11.18,0.669752,12.0145,11.1566,10.3745
37,49680279,135435971,C1=CC2=C(C=C1O)N3C(=C(C=N3)Br)N=N2,Inactive,18,,,10.76,1.08701,11.2356,11.7867,9.25515
38,49826028,2209352,CC1=CC(=C(C=C1)NC(=S)NCC2=CC=C(C=C2)Cl)OC(F)F,Inactive,17,,,10.63,1.48731,12.7356,9.64555,9.51927
39,124755443,53301272,CCOC(=O)[C@]12CC3=C(C(=C(C=C3[C@H]1N(C(=O)C4=C2C=CC(=C4)OC)C)OC)OC)OC,Inactive,17,,,10.62,0.143394,10.7606,10.6658,10.4203
40,57265205,4882680,CC1(C(=O)N(C(=O)N1)CC(=O)N2CCC3=CC=CC=C3C2)C4=CC=C(C=C4)Cl,Inactive,17,,,10.61,0.378473,11.0975,10.1761,10.5483
41,4262170,839358,COC1=C(C=C(C=C1)Cl)S(=O)(=O)NC2=CC=CC=C2OC,Inactive,17,,,10.37,0.118873,10.5258,10.3282,10.2418
42,26671159,135635691,C1=CC=C(C=C1)N=C(N/N=C/C2=C(NC(=O)S2)[N+]3=CC=CC=C3)[S-],Inactive,17,,,10.31,1.48969,8.33257,11.926,10.6784
43,17388198,3190224,CC1=CC=C(C=C1)C(C(=O)NCC2CCCO2)N(CC3=CC=CC=C3F)C(=O)CN4N=C(N=N4)C5=CC=CS5,Inactive,17,,,10.17,0.565925,9.51514,10.8948,10.088
44,49646118,24747426,CC1=C2C(=C(C=C1)C(C)C)[C@@H](C[C@H](O2)C3=CC=CC=C3)C4=CC=C(C=C4)OC,Inactive,16,,,10,2.11322,10.342,12.4038,7.26101
45,121283933,51359468,CCOC1=CC=C(C=C1)CCN2[C@H](CN(C2=S)[C@@H](CC3=CC=C(C=C3)O)CN4CCC[C@@H]4CN5[C@H](CNC5=S)CC(C)C)CC(C)C,Inactive,16,,,10,0.812162,11.1121,9.19804,9.68552
46,103159390,49792587,CC1=C(C=CC(=C1)OC)C2=C3C=COC3=C(C=C2)C(=O)NC4CCCCC4,Inactive,16,,,9.99,1.20004,11.5235,9.84591,8.5943
47,144089234,46867887,CC(=O)OC[C@H]([C@@H]1[C@H](C2=C(CO1)C=C(C=C2)OC)/C=C/C3=CC=CC=C3)O,Inactive,16,,,9.86,0.636418,9.06981,10.6281,9.88733
48,17431527,865887,CC1=CC2=NC(=C(C=C2C=C1)C=C(C#N)C#N)Cl,Inactive,16,,,9.82,0.531927,10.4219,9.12897,9.91515
49,17433515,5737754,C1CC(OC1)CNC(=O)/C=C/C2=CC=CC=C2[N+](=O)[O-],Inactive,16,,,9.76,0.539943,10.4635,9.15295,9.6537
50,49677151,4827116,CC(=O)C1=CC=CC=C1NC(=O)CCCNC(=O)C2=CC=C(C=C2)Cl,Inactive,16,,,9.62,0.975713,10.6731,9.86862,8.32186
51,17514336,1263311,CN1C2=CC=CC3=C2C(=C(C1=O)NC4=CC=C(C=C4)O)C5=CC=CC=C5C3=O,Inactive,15,,,9.44,1.52799,10.8335,10.1698,7.31165
52,24839768,2548299,C1C(=O)N(C(=O)S1)CCNC(=O)CSC2=NN=C(O2)CC3=CC=CC=C3,Inactive,15,,,9.43,0.914831,10.009,10.15,8.14268
53,103076326,49791091,C1=CC(=CC=C1CCNC2=NN3C(=CN=C3S2)C4=CC(=C(C=C4)F)Cl)S(=O)(=O)N,Inactive,15,,,9.06,0.869914,10.258,8.22298,8.69338
54,51089179,24892386,C1CCC(C1)NC(=O)CSC2=NN=C(S2)NC(=O)C3CC(=O)N(C3)C4=CC=C(C=C4)F,Inactive,15,,,8.99,0.571492,9.42875,9.35548,8.18146
55,3712247,2567609,CCOC1=C(C=C(C=C1)C(=O)C)CSC2=NN=C(N2N)C3=C(OC=C3)C,Inactive,15,,,8.95,1.46547,10.6558,9.11746,7.07779
56,14721578,3190515,CC1=CC=C(C=C1)NC(=O)CS(=O)CC(=O)N(C2=CC=C(C=C2)C)C(C)C(=O)NC3CCCCC3,Inactive,14,,,8.8,0.631615,8.59462,9.6616,8.15786
57,49818077,24817151,C1CN(CC(=O)N1)C(=O)C2=CC3=C(C=C2)N=C(O3)CC4=CC(=CC=C4)Cl,Inactive,14,,,8.75,1.2962,9.84195,6.92763,9.47598
58,24787426,3232464,CC1=NC2=NC=NN2C(=C1CC3=CC=CC=C3)N4CCC(CC4)NC(=O)C(CC5=C(C=C(C=C5)OC)OC)NC(=O)C,Inactive,14,,,8.58,1.16529,10.2227,7.68694,7.82001
59,56463607,25102695,C[C@H]1CN=C(N1CCCCC2=CC=CC=C2)N(C)C,Inactive,14,,,8.57,1.21179,10.1077,8.46384,7.14534
60,4259406,1565334,C1CCCN(CC1)C(=O)CCCOC2=CC=C(C=C2)Cl,Inactive,14,,,8.35,0.484076,7.77377,8.31141,8.95784
61,47194273,3089611,CC(C)CCN1C(=O)C2=C3C(=C(C=C2)N)C=CC=C3C1=O,Inactive,13,,,8.21,0.969511,9.56457,7.74848,7.33133
62,26665011,382634,C1CC2=CC3=C(CC4(C3)CC5=C(C4)C=C6C(=C5)CCCC6=O)C=C2C(=O)C1,Inactive,13,,,8.2,1.00042,6.79413,8.75692,9.04611
63,24802176,72146,COC1=C(C=CC(=C1)C(=S)N2CCOCC2)O,Inactive,13,,,8.15,1.25283,9.07877,8.98962,6.37767
64,26730157,2815812,C1=CC=C2C(=C1)N=C(S2)C3=C(SC=C3)NC(=O)NC4=C(C=C(C=C4)F)F,Inactive,13,,,8.1,0.682544,7.51025,7.73204,9.05624
65,57266820,2468499,CC1=CC(=NO1)NC(=O)COC(=O)C2=CC=C(C=C2)OC(F)(F)F,Inactive,13,,,8.07,0.717867,7.67515,7.46518,9.0821
66,24806337,9587470,C1OC2=C(O1)C=C(C=C2)C(=O)O/N=C(/C3=CC=NC=C3)\N,Inactive,13,,,8.05,1.45908,9.89418,7.93835,6.32568
67,22406735,9670310,C1=CC=C(C=C1)N2C=C(C(=N2)C3=CC=CS3)/C=N/NC4=CC=C(C=C4)S(=O)(=O)N,Inactive,13,,,8.02,0.8255,8.77605,6.86823,8.40239
68,14723557,9585167,COC1=C(C=C(C=C1)/C=N/C2=C(N=C3N2C=CC=C3)C4=CC=CO4)OC,Inactive,13,,,8.01,1.02472,6.91522,9.38141,7.74384
69,57261043,16301699,COC1=CC=CC(=C1)NC(=O)C(C2=CC=CC=C2)N3CCN(CC3)CC(=O)N4CCOCC4,Inactive,13,,,8.01,0.63211,8.23785,8.64112,7.14485
70,121285770,51361093,COCCNC(=O)C1=C(N=C(N1)C(F)(F)F)C2=CC=CC=C2,Inactive,13,,,7.89,0.310521,8.32765,7.69674,7.64427
71,85269690,4033830,C1N(C2=NC3=CC=CC=C3N=C2N1S(=O)(=O)C4=CC=CC(=C4)[N+](=O)[O-])C5=CC=C(C=C5)Br,Inactive,13,,,7.84,0.844191,9.02072,7.40301,7.09642
72,17387041,5985277,CCCC(=O)NC1=CC=C(C=C1)C(=O)N/N=C/2\CC(CC=C2C)C(=C)C,Inactive,13,,,7.83,0.436781,8.3896,7.32554,7.76093
73,99360210,46904655,COC1=CC=C(C=C1)[C@@H]2[C@H]3[C@H](C(=O)N(C3=O)CC4=CC=CC=C4)[C@]5(N2)CCCN(C5=O)CC6=CC=C(C=C6)C(F)(F)F.C(=O)(C(F)(F)F)O,Inactive,13,,,7.81,0.940344,6.92437,7.39827,9.11342
74,17511470,3783290,C1=CC(=CC2=C1C=CC3=C2C(C(=C(O3)N)C#N)C4=CSC=C4)O,Inactive,13,,,7.78,0.628923,6.91262,8.05196,8.38027
75,49737453,24794182,C1CCC(C1)CCCNC(=O)C2CCC(=O)N(C2)CC3=CC=C(C=C3)Cl,Inactive,13,,,7.75,0.631616,7.83654,6.94355,8.48419
76,47198411,796932,C1=CC=C(C=C1)P(=O)(CC2=CC=C(C=C2)[N+](=O)[O-])C3=CC=CC=C3,Inactive,12,,,7.62,0.812025,7.55237,6.66592,8.65118
77,17415630,9585654,C1=CC=C(C=C1)C2=CC=C(C=C2)CC(=O)O/N=C(/C3=CC(=CC=C3)[N+](=O)[O-])\N,Inactive,12,,,7.61,0.927915,7.47894,6.5484,8.80955
78,26732349,16060481,C[C@@]12CCC=C[C@H]1[C@@H](N(C2=O)CC3=CC=CC=C3)C4=C(C=C(C=C4)/C=C/C5=CC=CC=C5)F,Inactive,12,,,7.51,0.975128,7.13075,6.5434,8.84212
79,49821463,3581221,CC1=C(C=C(C=C1)NC(=O)C2CC(CN2C(=O)OCC3=CC=CC=C3)O)C,Inactive,12,,,7.38,1.54439,9.21719,7.47516,5.43805
80,99495054,46948381,C1=CC=C(C=C1)C(C2=NC(=CS2)C3=CC4=CC=CC=C4N=C3)O,Inactive,12,,,7.29,1.28055,5.62556,7.50146,8.74063
81,99357617,288819,C1COCCN1C2=CC(=O)C3=CC=CC4=C3C2=CC=C4,Inactive,12,,,7.27,0.863044,8.48272,6.54979,6.77487
82,24821795,1483505,COC1=CC(=C(C=C1)OC)NC(=O)C2=CC=C(C=C2)C3=CC=CS3,Inactive,12,,,7.2,0.21514,7.01448,7.50195,7.08484
83,57269039,25163858,COC1=CC(=C(C=C1)OC)/C=C/C(=O)OCC(=O)NC2=NN=C(O2)C3=CC=CC=C3,Inactive,12,,,7.15,0.773577,8.24328,6.58697,6.61802
84,49826819,3853846,COC1=C(C=CC(=C1)[N+](=O)[O-])NC(=S)NNC(=O)CCC(=O)NC2=CC=CC=C2Cl,Inactive,11,,,7.13,0.597632,7.78729,6.34034,7.25611
85,49647617,1340979,COC1=CC=CC=C1N2C(=NC3=CC=CC=C3C2=O)C4=CC=CC=C4Cl,Inactive,11,,,7.12,1.51214,7.82821,8.51592,5.02011
86,26667070,87935,CCCCNC1=C2C=CC=C3C2=C(C=C1)C(=O)N(C3=O)CCCC,Inactive,11,,,7.08,0.715999,7.8806,7.21837,6.14306
87,56317955,24980106,CC1(C(=O)N(C(=O)N1)CC(=O)NC2=C(C=C(C=C2)N3CCOCC3)N4CCOCC4)C5=CC=CC=C5,Inactive,11,,,7.03,1.51053,8.45414,4.93709,7.69079
88,57259614,135493873,CCOC(=O)C\1=C(NC2=CC=CC=C2N/C1=N\S(=O)(=O)C3=CC(=CC=C3)Cl)C,Inactive,11,,,7.02,1.06829,7.94427,5.5203,7.586
89,56436631,7546,C1=CC=C(C=C1)NC2=CC(=CC=C2)O,Inactive,11,,,7.01,1.12641,8.21212,5.50385,7.31468
90,56318243,24687902,C1CCC(CC1)NC(=O)COC(=O)/C=C/C2=CC=C(C=C2)OC(F)F,Inactive,11,,,6.98,0.225149,6.90341,6.75332,7.28796
91,7975746,1069130,CCOC(=O)C1=C(C2=C(C=CC=C2O1)O)CN(CC3=CC=CC=C3)C(=O)C,Inactive,11,,,6.94,1.04608,8.1173,7.13289,5.57631
92,4257958,1246314,C1=CC=C2C(=C1)C(=C(S2)C(=O)NC3=NOC=C3)Cl,Inactive,11,,,6.87,0.617306,7.31428,7.28876,5.99221
93,24793789,2956180,COCCCNC(=S)NNC(=O)C1=CC=CC=N1,Inactive,11,,,6.86,1.21226,6.58606,8.46173,5.53028
94,26731999,16746197,C1CCC(C1)NC2=C(C=C(C=C2)C(CC(=O)N)NC(=O)CC3=CC=C(C=C3)Cl)[N+](=O)[O-],Inactive,11,,,6.83,0.795557,5.71824,7.25253,7.52584
95,85148869,44144063,COC1=CC=C(C=C1)[C@@H]2CC(=CC(=O)C2)C3=CC(=C(C=C3)Cl)F,Inactive,11,,,6.81,0.790277,7.03343,5.74937,7.64591
96,26726371,5422858,CC1=CC2=C(C=C1N)N=C3C(=N2)C(=O)N(C(=O)N3)CCC4=CC=CC=C4,Inactive,11,,,6.79,1.18004,6.14836,8.44706,5.78007
97,85199918,4790006,C1=CC=C(C(=C1)C(=O)NNC(=O)C2=CC(=CN=C2)Br)N3C=CC=C3,Inactive,11,,,6.74,0.392788,6.53424,7.28894,6.39478
98,121286086,24792611,CC[C@]12[C@@H]3[C@H]([C@H](N1C(=O)N(C2=O)C4=CC=C(C=C4)OC)C5=CC=C(C=C5)Cl)C(=O)N(C3=O)C6CCCCC6,Inactive,11,,,6.7,0.763386,7.2252,5.62316,7.25935
99,49730787,20874968,C1CN(CCN1C2=CC(=CC=C2)Cl)C(=O)C3=CC(=CC=C3)NC4=NC5CS(=O)(=O)CC5S4,Inactive,11,,,6.66,1.51239,6.06061,8.74043,5.18539
100,24784830,16188532,CN1C=C(C=N1)CNC(=O)C2=CC=C(C=C2)OC3CCN(CC3)S(=O)(=O)N(C)C,Inactive,11,,,6.65,1.5863,7.60731,4.41723,7.9335
101,99456488,18565526,COC1=CC=C(C=C1)N2C(=NN=N2)CNC(=O)C3CC(=O)N(C3)C4=CC=C(C=C4)F,Inactive,11,,,6.59,0.723756,5.98261,6.1807,7.60736
102,49664965,17295849,C1CC1NCC2=CC=C(C=C2)C3=CC=CC=C3.Cl,Inactive,10,,,6.5,1.22429,5.22855,8.15587,6.12826
103,14734488,2975612,CC1=CC=C(O1)C2CC(=O)NC3=CC4=C(C=C23)OCO4,Inactive,10,,,6.45,1.40721,5.46156,8.43645,5.44116
104,49727587,3163455,CC1=NC(=CC=C1)NC(=O)CCS(=O)(=O)C2=CC=CC=C2,Inactive,10,,,6.43,0.510249,6.45802,7.03985,5.79097
105,57260895,25162939,CC1=C(C2=C(N1)C=CC(=C2)OC)CCNCC3=CN=CC=C3.C(=O)(C(=O)O)O,Inactive,10,,,6.43,0.934253,7.1325,7.04001,5.10603
106,24809038,776370,C1CCN(C1)C2=C3C4=C(C5=CC=CC=C5C3=O)ON=C4C=C2,Inactive,10,,,6.34,0.652992,5.56969,6.28494,7.16631
107,26663338,5885550,CC1=CC=CN2C1=NC(=C(C2=O)/C=C(\C#N)/C(=O)NCC3=CC=CC=C3)N4CCC(CC4)C(=O)N,Inactive,10,,,6.32,1.21013,4.75481,7.69973,6.51971
108,24810462,135472701,CC1(CC(=C(C(=O)C1)C=NC2=C(C=C(C=C2)C(=O)C3=CC=CC=C3)N=CC4=C(CC(CC4=O)(C)C)O)O)C,Inactive,10,,,6.31,1.25104,8.02238,5.07569,5.82055
109,22404799,1816029,CCCCOC1=NC2=CC=CC=C2C(=O)N1C3=CC=CC=C3,Inactive,10,,,6.3,0.599773,5.45269,6.75031,6.69808
110,14726020,1093252,CCOC(=O)N1CCN(CC1)CC2=NC(=NO2)C3=CC=C(C=C3)Cl,Inactive,10,,,6.28,1.69559,8.37461,4.22202,6.23022
111,99360866,323633,C1=CC=C(C=C1)S(=O)(=O)NC(CCC2=NC3=CC=CC=C3N2)C(=O)N,Inactive,10,,,6.17,1.26272,5.02094,7.92592,5.55369
112,24805981,3156634,COC(=O)C(CCSC)NC(=O)C1=CC2=C(CCCC2=O)N(C1=O)C3=CC=CC=C3,Inactive,10,,,6.13,0.795846,7.25439,5.64589,5.49636
113,57257913,24636016,CC(C)(C)C1=CC=C(C=C1)OCCC(=O)NC2=C(C=CC(=C2)S(=O)(=O)N3CCOCC3)OC,Inactive,10,,,6.08,0.746934,6.59902,6.61072,5.02042
114,24825143,6028554,C1=CC2=C(C=CC3=C2C(=C1)C(=O)N(C3=O)CC4=CC=CO4)O,Inactive,9,,,5.95,0.277772,6.28364,5.95659,5.60341
115,57255854,4854098,C1COCCN1S(=O)(=O)C2=CC=CC(=C2)C(=O)OCC(=O)NC3=C(C=CC(=C3)Cl)C#N,Inactive,9,,,5.8,0.979692,4.90008,7.16581,5.34817
116,57259068,16299254,CC1=C(C(=NO1)C)S(=O)(=O)N2CCCN(CC2)C(=O)/C=C/C3=CC=C(C=C3)OCC=C,Inactive,9,,,5.71,1.02049,6.16888,4.30089,6.67337
117,99357757,292444,COC1=CC(=C(C=C1)C=CC2=NC3=CC=CC=C3C=C2)OC,Inactive,9,,,5.7,1.53515,4.59413,4.63231,7.86958
118,4265100,1302140,CC1=NC(C2=C(N1CC3=CC=CO3)CC(CC2=O)(C)C)(C(F)(F)F)C(F)(F)F,Inactive,9,,,5.54,0.115671,5.50799,5.41809,5.69574
119,14746057,2921012,CC1=CC=C(C=C1)S(=O)(=O)NC2=NN3C(C=C(NC3=N2)C)C4=CC=C(C=C4)Cl,Inactive,9,,,5.49,0.254111,5.13723,5.62433,5.71639
120,99356844,46902760,COC1=CC=C(C=C1)[C@H]2CN(C(=O)[C@@H]2CC(=O)NC3=CC=C(C=C3)OC)C4=CC=C(C=C4)Br,Inactive,9,,,5.42,0.285669,5.75963,5.0612,5.44747
121,49722457,22554538,CC1=CC=CC=C1S(=O)CC2=CC=C(O2)C(=O)NC3CCN(CC3)CC4=CC=CC=C4,Inactive,8,,,5.29,2.24552,2.19896,7.45759,6.22495
122,24821677,1479777,C1CSC2=C(C=CS2)C(=O)N1C(=O)C3=CC=CC=C3,Inactive,8,,,5.27,1.05197,3.87753,6.41597,5.53041
123,49819194,24817800,CCC1(C(=O)N(C(=O)N1)CC(=O)NC2=CN=C(C=C2)OC)C3=CC=CC=C3,Inactive,8,,,5.25,0.234155,4.91812,5.38644,5.43905
124,49670806,714697,CC1=C2C(=CC=C1)C(=O)C(=C(N2)C)CN3CCCCCC3,Inactive,8,,,5.2,1.15552,5.91945,3.5704,6.11239
125,49674689,68207,C[N+]1=C2C=C(C=CC2=C3C=CC(=CC3=C1C4=CC=CC=C4)N)N.[Br-],Inactive,8,,,5.17,1.20019,6.60067,3.66366,5.24402
126,17433829,2937970,CCCN1C(=O)C2=C3C(=C(C=C2)N4CCCCC4)C=CC=C3C1=O,Inactive,8,,,5.16,0.821065,4.47391,4.68469,6.31145
127,56318154,24671337,COC1=CC=CC=C1C(=O)NCC(=O)OCC(=O)NC2=CC3=C(C=C2)NC(=O)N3,Inactive,8,,,5.15,0.831858,5.53741,5.91797,3.9941
128,56324704,24983073,CC1=NC(=CC=C1)NC(=O)C2=CC=C(C=C2)C(=O)C3=CC=CC=C3,Inactive,8,,,5.13,0.434024,5.21104,4.55746,5.61041
129,24817037,767177,CC1=C[N+](=CC=C1)C2=C(SC(=N2)[O-])C=O,Inactive,8,,,5.1,0.849535,3.91653,5.87785,5.49936
130,136948151,55185,CC[C@@H]1[C@@]([C@@H]([C@H](N(C[C@@H](C[C@@]([C@@H](C([C@@H]([C@H](C(=O)O1)C)O[C@H]2C[C@@]([C@H]([C@@H](O2)C)O)(C)OC)C)O[C@H]3[C@@H]([C@H](C[C@H](O3)C)N(C)C)O)(C)O)C)C)C)O)(C)O,Inactive,8,,,5.03,1.13816,5.84161,3.41873,5.82457
131,4249607,3243535,CC1=CC(=C(C=C1)NC(=O)CN2C3=C(C=C2C(=O)OC)OC=C3)C,Inactive,8,,,4.96,1.4945,3.50486,4.36222,7.01569
132,24831658,4841442,CC(C)(CNC1=C(C=C(C=C1)[N+](=O)[O-])C#N)N2CCOCC2,Inactive,8,,,4.96,0.308248,4.7486,5.39558,4.73498
133,22405515,11644907,C1=CC(C=CC1=O)(C2=CC(=O)C3=C(C=C(C=C3O2)O)O)O,Inactive,8,,,4.95,0.867182,5.19015,5.86841,3.78601
134,87338532,649468,C1=CC=C(C(=C1)C2=NC3=C(C=C(C=C3)O)OC4=C2C=CC(=C4)O)C(=O)O,Inactive,8,,,4.91,1.39074,6.14565,2.96343,5.60756
135,22401305,750351,CN1C2=C(C(=O)N(C1=O)C)NC(=C2O)C3=CC=CC=C3,Inactive,8,,,4.88,0.304465,5.20147,4.46988,4.96111
136,51089028,3244864,CC1=C(SC2=NC(=CN12)C3=CC=C(C=C3)OC)C(=O)NC4=CC=CC(=C4)NC(=O)C,Inactive,8,,,4.81,1.38151,3.34279,6.66309,4.43709
137,47196848,2970765,CN1CCC(CC1)NC(=O)CCC2=CC=CC=C2,Inactive,8,,,4.78,0.528497,4.76221,4.14706,5.44109
138,22404875,2319701,CC1=C(C=C(C=C1)C(=C(Cl)Cl)NC(=O)N2CCCCC2)F,Inactive,8,,,4.77,1.35979,3.36366,4.32698,6.6066
139,4256420,1008083,COC1=C(C=C(C=C1)S(=O)(=O)N2CCC(CC2)C(=O)N3CCCC3)Cl,Inactive,7,,,4.75,0.913651,4.37659,3.87422,6.01409
140,49825788,4384569,C1COCCN1C2=NC(=NC(=N2)NC3=CC4=C(C=C3)N=C(S4)SCC(=O)NC5=CC=CC=C5F)N6CCOCC6,Inactive,7,,,4.74,0.90326,4.74716,3.62337,5.8358
141,49729699,24792706,COC1=CC=C(C=C1)CNC(=O)C(C2=CC=CC=C2F)OC(=O)C3=CC=CO3,Inactive,7,,,4.7,0.526012,4.18894,4.4891,5.42416
142,103050355,49778229,CC1=C(SC(=O)N1CC2=CC=C(O2)C(=O)OC)C(=O)NCC3=CC=C(C=C3)C#N,Inactive,7,,,4.69,1.91931,6.46312,5.59444,2.02741
143,14743559,748441,CC1=CC(=CC=C1)N2C(=CC(NC2=S)(C)C)C,Inactive,7,,,4.67,0.237396,4.39179,4.65672,4.97255
144,57257986,25162103,CC(C)CN1C(=C(C(=O)NC1=O)N(CCOC)C(=O)C2=CC=C(O2)C3=CC=C(C=C3)[N+](=O)[O-])N,Inactive,7,,,4.62,0.510269,5.32951,4.1526,4.37655
145,26670777,6863889,C1=CC=C(C=C1)/C=N/NC(=O)CNC2=NNC(=O)NC2=O,Inactive,7,,,4.57,0.96294,5.19469,5.31149,3.21289
146,49665517,5406244,CC(=O)NC1=CC=C(C=C1)N2C(=O)C3=C4C(=C(C=C3)O)C=CC=C4C2=O,Inactive,7,,,4.56,0.331523,4.5358,4.97156,4.16024
147,24838945,3237872,C1COCCN1C(=O)OC2=CC=CC(=C2)C3C(=C(OC4=NNC(=C34)C5=CC=C(C=C5)F)N)C#N,Inactive,7,,,4.53,0.690935,4.60625,5.33479,3.64758
148,49817353,135550912,C1=CC=C2C=[N+](C=CC2=C1)C3=C(SC(=O)N3)/C=N/NC(=O)C4=CC=CC=C4[O-],Inactive,7,,,4.42,1.31066,2.74859,5.94929,4.56533
149,57265826,2507584,CC(C)C1=CC=CC=C1NC(=O)CSC2=NNC(=O)N2C3CC3,Inactive,7,,,4.34,0.973893,3.03765,4.60924,5.37769
150,92763562,28638811,C1CCC(CC1)C(=O)NC2=CC=CC(=C2)C(=O)NCC3=CC=CC=C3,Inactive,7,,,4.29,0.153749,4.10135,4.47786,4.2823
151,57266551,2629234,CN1C=CC=C1C(=O)OCC(=O)NCC2=CC3=C(C=C2)OCO3,Inactive,7,,,4.23,0.583816,3.51432,4.24249,4.94429
152,89855086,44825575,CN(C1CC1)C(=O)C2=CC(=CC=C2)NC(=O)CC3=CC(=CC=C3)NC(=O)C4CCN(CC4)C(=O)C5CCCCC5,Inactive,7,,,4.23,1.13195,4.99243,5.06273,2.62713
153,99494860,46948239,CCCNC(=O)C1(CCCN(C1)C(=O)C2=C(N=CC=C2)OC3=CC=CC=C3)C,Inactive,7,,,4.21,0.788258,5.05665,4.42311,3.1603
154,14731974,9550196,CCCCN(C)C(=O)C1=CC2=C(S1)N=C3C=C(C=CC3=C2)OC,Inactive,7,,,4.2,1.42325,5.42743,2.20167,4.9596
155,845579,647935,CCOC1=CC=C(C=C1)NC(=O)CCN2CCCCC2,Inactive,7,,,4.18,0.302025,4.42048,3.75072,4.35773
156,89854334,260217,CC1=C(C=C(C=C1)N=CC2=CC=CC=C2O)Cl,Inactive,6,,,4.16,0.506098,4.75166,3.51581,4.21807
157,57260024,16249326,CN1C2=CC=CC=C2N=C1CC(=O)NNC(=O)C3=CC=CC=C3F,Inactive,6,,,4.13,0.5336,3.41533,4.69452,4.28736
158,85198239,25058325,CN(C)C1=CC=C(C=C1)C#CC2=C(SC3=CC=CC=C32)C4=CC=CC=C4OC,Inactive,6,,,4.11,2.4408,5.45077,0.680066,6.18618
159,14730728,72652,C1CC2=CC3=C(C4=C2N(C1)CCC4)OC(=O)C=C3C(F)(F)F,Inactive,6,,,4.1,0.653912,4.96949,3.39267,3.93728
160,17411496,1474885,CC1=CC=C(C=C1)CNC2=NC=NC3=CC(=C(C=C32)OC)OC,Inactive,6,,,4.1,0.88531,5.19345,4.07322,3.0253
161,103073824,49789400,CC1(C2=C(C=CC(=C2)C3=CC=CC=C3OC)NC1=O)CC4=CC(=CC=C4)C#N,Inactive,6,,,4.06,0.31343,4.49309,3.75961,3.92991
162,49734951,16033597,CCC1=NC2=C(C=C(C=C2)C(=O)NCCC3=CC=CC=C3OC)N=C1CC,Inactive,6,,,4.03,0.523281,4.76736,3.71436,3.60792
163,7965996,5307952,C1CN(CC2=CC=CC=C21)C(=O)C3=NOC(=C3)C4=CC=C(C=C4)O,Inactive,6,,,4.01,0.384911,4.55109,3.79915,3.68252
164,842552,644822,CC(C)(C)C1=CC(=CC(=C1O)C(C)(C)C)CN2CCN(CC2)CCC#N,Inactive,6,,,3.96,1.22219,5.19146,4.40397,2.29637
165,24791257,1213442,COC1=CC(=C(C=C1)NC(=S)N2CCN(CC2)CC3=CC=CC=C3)OC,Inactive,6,,,3.96,0.150981,4.02362,3.75511,4.1096
166,24807939,1153656,CN1C(=NN=C1SCC(=O)NC2=CC=CC=C2OC)COC3=CC=CC=C3OC,Inactive,6,,,3.94,0.76534,4.26728,4.67323,2.88525
167,47200228,23724138,C1=CC=C(C(=C1)C2=CSC(=N2)NC(CO)C3=NC4=CC=CC=C4N3CCOCCO)Br,Inactive,6,,,3.9,1.02471,3.28037,3.08412,5.34932
168,17412623,9566724,CC1=CC=C(O1)/C=N/N2C(=O)C3C4C=CC(C3C2=O)C45CC5,Inactive,6,,,3.82,0.170576,4.01372,3.60014,3.85836
169,49719244,24790817,CN(C)S(=O)(=O)N1CCC(CC1)OC2=CC=C(C=C2)C(=O)N3C[C@@H]4CCC[C@H]3C4,Inactive,6,,,3.8,0.64966,4.68941,3.14797,3.57628
170,24841710,16197191,C1[C@@H](N(C(=S)N1)CCC2=CC(=CC=C2)F)CC3=CC=CC=C3,Inactive,6,,,3.8,1.86079,6.18784,3.55111,1.64968
171,14733963,2834357,CC1CCN(CC1)CC(COCCC23CC4CC(C2)CC(C4)C3)O.Cl,Inactive,6,,,3.65,1.81439,5.06477,1.09017,4.79964
172,17413090,2920681,C1CSC(=O)C1NC(=S)NC(=O)C2=CC=CC=C2Cl,Inactive,6,,,3.62,0.620116,3.47858,4.44557,2.9476
173,865117,4887883,CCCCN1C(=C(C(=O)NC1=O)C(=NC2=CC=C(C=C2)C(=O)O)CC)O,Inactive,6,,,3.6,0.492686,2.89863,3.92532,3.96131
174,57261008,3676732,COC1=CC=C(C=C1)NC(=O)COC(=O)CC2C(=O)NC3=CC=CC=C3S2,Inactive,5,,,3.55,0.0527752,3.59048,3.47256,3.5774
175,22404310,2916903,CC1=CC2=C(C=C1C)NC(=O)CC2C3=CC(=CC=C3)[N+](=O)[O-],Inactive,5,,,3.54,0.0923435,3.51597,3.4449,3.66641
176,49644920,3122367,CC(=O)NC1=CC=C(C=C1)NC(=O)C2=C(C=NN2C)[N+](=O)[O-],Inactive,5,,,3.45,1.11994,4.99934,2.96865,2.38668
177,14732462,2267437,CC1=CC=C(C=C1)C(=O)/C=C/NC2=CC=C(C=C2)C,Inactive,5,,,3.37,1.27921,3.05855,1.98709,5.07285
178,17412470,6869293,CC(C)(C)C1=NN(C(=C1)C(=O)N/N=C/C2=CC=C(C=C2)F)C3=CC=CC=C3,Inactive,5,,,3.37,0.693497,4.21432,3.38319,2.51573
179,4255313,1245963,CCC1=CC=C(S1)C(=O)N2CCN(CC2)C3=CC=C(C=C3)F,Inactive,5,,,3.36,0.463134,3.93208,3.36479,2.79764
180,24803055,3157816,CC1=C(C(=NN1C)C)CCC(=O)O,Inactive,5,,,3.36,0.966214,3.27432,2.2226,4.58461
181,859717,661022,CC1=CC=C(C=C1)S(=O)(=O)C(C#N)C2=NC3=CC=CC=C3N=C2N4CCCC4,Inactive,5,,,3.35,0.967179,2.17236,4.54111,3.32187
182,24808626,3146565,CC1=CC=C(C=C1)C2C(=C(C(=O)N2C3=NN=C(S3)C)O)C(=O)C4=CC=CS4,Inactive,5,,,3.28,0.362187,3.75458,2.8759,3.20918
183,24822499,1098407,CC1=CC=C(C=C1)NC(=O)CN2C3=CC=CC=C3C(=C2O)N=NC(=O)N,Inactive,5,,,3.26,0.542031,2.83999,2.91483,4.02541
184,47203533,2891958,COC(=O)C1=CC=C(C=C1)C2C(CCC(=O)N2)[N+](=O)[O-],Inactive,5,,,3.21,0.0857392,3.16536,3.32709,3.1302
185,99356622,46902538,C1CCC(CC1)C(=O)N2C[C@@H]([C@H](C[C@@H]2C3=CC=CC=C3)O)N4C=C(N=N4)COC(=O)C5=CC=CC=C5,Inactive,5,,,3.19,0.312607,2.82374,3.15347,3.58712
186,99454199,4853908,CC1=C(SC(=C1C(=O)OCC(=O)NC2=CC=CC=C2C(F)(F)F)NC(=O)C)C,Inactive,5,,,3.18,0.69757,4.12356,2.95999,2.45813
187,89854566,4647455,CC12CCC3C(C1CC(C2O)O)CCC4=C3C=CC(=C4)OCC=C,Inactive,5,,,3.12,0.742708,3.79113,3.4899,2.08674
188,99360454,46904856,CC1(CC(=O)C=C(C1=O)C2=CC=CC=C2C3=CC=CC=C3OC)C,Inactive,5,,,3.12,0.515057,2.41279,3.30347,3.63194
189,24785386,2939274,CC(C)C1=NN=C(S1)N2C(C(=C(C2=O)O)C(=O)C3=CC=CS3)C4=CC=CC=C4,Inactive,5,,,3.09,0.622938,3.77616,3.23143,2.26942
190,49667575,3557055,C=CCNC(=O)CN(CCC1=CC=CC=C1)S(=O)(=O)C2=CC=CC=C2,Inactive,5,,,3.09,0.88342,4.33054,2.33712,2.60471
191,47203103,2748305,CC1=C(C(NC(=O)N1)C2=CC3=C(C=C2)OCO3)C(=O)OC(C)C,Inactive,5,,,3.06,0.456312,3.02037,3.63048,2.51437
192,24823240,9776887,COC1=CC=C(C=C1)C2=CN=NC(=N2)N/N=C/C=C/C3=CC=CO3,Inactive,5,,,3.03,0.583177,2.46093,2.79778,3.83157
193,49665355,5396293,C1=CC2=C(C=CC3=C2C(=C1)C(=O)N(C3=O)C4=CC=C(C=C4)Cl)O,Inactive,5,,,3.02,0.501514,3.25827,2.32579,3.48462
194,49680843,2118550,CC(C)[C@@H](C(=O)NC1=CC=C(C=C1)NC(=O)C)NC(=O)C2=CC=CC=C2F,Inactive,5,,,3.02,1.39205,1.10204,4.37329,3.57095
195,26665336,224922,C1=CC2=C(C=CC=C2[As](=O)(O)O)C(=C1)N,Inactive,5,,,3.01,0.695901,3.98058,2.64151,2.39757
196,89853911,44825386,C[C@H]\1CN[C@H](/C1=C\C2=CC=CC=C2)CCO,Inactive,5,,,2.99,1.32336,4.49045,1.26955,3.1965
197,136947163,1953641,C1=CC=C(C=C1)C2=CC=CC=C2NC(=O)CSC3=NN=C(N3C4=CC=C(C=C4)Cl)C5=CC=CC=N5,Inactive,4,,,2.95,1.54535,5.05136,2.43116,1.37536
198,49665907,1476675,CCOC(=O)CN1C(=CC(=C(C1=O)C#N)SC)C2=CC=CC=C2,Inactive,4,,,2.86,1.01196,3.60076,1.42691,3.54538
199,85271921,3207127,C1=COC(=C1)CNC(=O)CN(CC2=CC=CS2)C(=O)CNS(=O)(=O)C3=CC=C(C=C3)Cl,Inactive,4,,,2.81,0.667451,3.72976,2.15631,2.55845
200,24785253,16188765,CC(C)CC1C2=C(CCN1C(=O)CCC(=O)N(C)C)C3=CC=CC=C3N2,Inactive,4,,,2.81,0.501412,2.87439,3.39287,2.1694
201,56317269,8233772,C1=CC=C(C=C1)C(=O)NC(=O)COC(=O)C2=C(C=C(C=C2)[N+](=O)[O-])Cl,Inactive,4,,,2.79,1.04903,1.61753,4.16352,2.58966
202,56318908,2715226,C1CC2=CC=CC=C2N(C1)C(=O)COC(=O)C3=CC(=CC=C3)C(F)(F)F,Inactive,4,,,2.79,0.346703,3.05909,2.30029,3.00995
203,22413874,624191,CCOC(=O)C1=C(C2=C(S1)N=C3CCCN3C2=O)C,Inactive,4,,,2.76,0.568977,1.9597,3.18639,3.14596
204,144098317,3226269,C1CC(CN(C1)C(=O)C2=CC(=CC=C2)F)C3=NC(=NO3)C4=CC=CS4,Inactive,4,,,2.76,0.836707,3.90795,1.93281,2.44658
205,99359317,46903884,C[C@H]1CCCCO[C@@H]([C@H](CN(C(=O)C2=C(O1)C=CC(=C2)NS(=O)(=O)C3=C(ON=C3C)C)[C@@H](C)CO)C)CN(C)CC4=CC=C(C=C4)C(F)(F)F,Inactive,4,,,2.74,1.49323,4.80579,1.32623,2.08966
206,4251476,1279138,COC1=CC(=C(C=C1)OC)S(=O)(=O)NC2=CC=C(C=C2)CC(=O)O,Inactive,4,,,2.74,0.497051,2.04223,3.00168,3.17108
207,57266238,16316573,CN(C)C(CNC(=O)C1=C(C=CC(=C1)S(=O)(=O)N(C)C2=CC=C(C=C2)F)Cl)C3=CC=CS3,Inactive,4,,,2.65,1.10513,3.1074,3.72405,1.13302
208,17387762,9704230,C/C(=N\NC(=O)CSCC1=CC=C(C=C1)Cl)/C2=CC3=C(C=C2)OCCO3,Inactive,4,,,2.64,1.46585,2.5083,0.912672,4.49611
209,24783077,16188044,CC1=C(C(=NO1)C(=O)NC2=C(C3=C(S2)CCCC3)C(=O)N)[N+](=O)[O-],Inactive,4,,,2.63,0.360438,2.89435,2.86979,2.11776
210,24813910,16194192,CC1CCN(CC1)CCCNC2=C(C=C(C=C2)C(=O)NC3=CC(=C(C=C3)C)F)[N+](=O)[O-].Cl,Inactive,4,,,2.57,0.59826,2.7187,1.77124,3.21314
211,87342033,42627982,CCOC(=O)C1=CN(S(=O)(=O)N(C1C2=CC3=CC=CC=C3C=C2)C)CC4=CC=CO4,Inactive,4,,,2.54,0.587544,3.13666,2.74206,1.74075
212,99454086,46942479,C1=CC(=CC(=C1)OC(F)(F)F)NC(=O)C2=C3C(=C(C=C2)C4=CN=CC=C4)C=CO3,Inactive,4,,,2.51,0.760906,2.25783,1.72221,3.53606
213,56322019,24981900,C1CCC(=CC1)CCNC(=O)C2=CC(=C(C=C2)N3C=NC=N3)[N+](=O)[O-],Inactive,4,,,2.41,1.09054,0.8773,3.07305,3.29266
214,87349254,44602115,C[C@@]12[C@H](C[C@@H](C(=O)N1CCC3=C2NC4=C3C=CC(=C4)C5=CC=CO5)CC(=O)NCC6=CC(=C(C=C6)OC)OC)C(=O)N7CCOCC7,Inactive,4,,,2.41,0.128622,2.50028,2.49764,2.22612
215,26725764,5735793,COC1=CC=C(C=C1)/C=C/C2=NC3=CC=CC=C3C(=C2)C(=O)O,Inactive,4,,,2.39,1.00434,0.992713,2.89758,3.29338
216,85146301,44142187,C1C=CCN[C@H](C(=O)N([C@H]1C2=CC=CO2)CC3=CC=CC=C3)CC4=CC=CC=C4,Inactive,4,,,2.39,0.578002,1.63124,3.03394,2.49909
217,26726481,2812885,CC1=CC(=NO1)C(=O)NNC2=C(C=CC=C2Cl)Cl,Inactive,3,,,2.34,1.41785,3.50375,0.34773,3.18113
218,4252206,3245788,CCN1C2=CC=CC=C2C(=CC1=O)SCC(=O)NC3=CN=CC=C3,Inactive,3,,,2.32,1.21991,3.24455,3.11897,0.596225
219,856448,657808,C1CC(=O)C(=C2C=CC3=CC=CC=C3N2C1)C#N,Inactive,3,,,2.32,0.060014,2.37638,2.33539,2.23363
220,24832271,2089537,COCCNC(=O)COC(=O)C1=CC=C(C=C1)S(=O)(=O)N2CCOCC2,Inactive,3,,,2.31,1.57418,3.90121,2.87351,0.168801
221,103076713,49791371,CC1=CC=C(C=C1)CN2CCCC2(C)C(=O)NC(C)C,Inactive,3,,,2.31,0.515202,1.58005,2.6861,2.65932
222,24788058,984326,CN1C2=CC=CC3=C2C(=C(C1=O)NC4CCCCC4)C5=CC=CC=C5C3=O,Inactive,3,,,2.3,1.26303,2.90239,3.45204,0.540546
223,49677523,135463744,C1=CC=C(C=C1)C2=CN(C3=C2C(=O)NC=N3)C4=CC=CC=C4,Inactive,3,,,2.19,0.525211,2.52715,2.59331,1.44756
224,24803064,5395236,C/C(=N\NC(=O)CN1C=NC2=CC=CC=C21)/C3=CC=CS3,Inactive,3,,,2.18,0.384415,2.5603,2.33686,1.65641
225,49644041,5726092,COC1=C(C=C(C=C1)/C=N/N2CCN(CC2)C3=CC=C(C=C3)Cl)O,Inactive,3,,,2.11,0.687534,1.28939,2.05829,2.97144
226,47195753,331926,CCOC(=O)C(C)(C)OC1=CC=CC2=C1S(=O)(=O)C3=CC=CC=C23,Inactive,3,,,2.09,0.609234,1.49299,2.92813,1.85625
227,24823253,555700,C1=CC2=NON=C2C(=C1N)[N+](=O)[O-],Inactive,3,,,2.09,1.04169,1.79054,3.48874,0.990382
228,24809306,791926,COC1=CC(=C(C=C1CNC2CCCCCC2)Br)OC,Inactive,3,,,1.97,1.04834,1.96255,3.25242,0.684541
229,85271246,16274717,CC1CCCCN1C(=O)COC(=O)CC2=CNC3=CC=CC=C32,Inactive,3,,,1.97,1.19289,3.55327,1.66702,0.67754
230,866018,667279,CN1C2=C(C=C(C=C2)NC(=O)C3=CC=C(C=C3)F)N=C1CN4CCCCC4,Inactive,3,,,1.96,0.85669,1.06324,1.69972,3.11319
231,103162811,49795307,CCNC(=O)C1CCCN(CC1)C(=O)CC2=CC=CS2,Inactive,3,,,1.96,0.821325,2.89947,2.07242,0.897683
232,7974086,750014,CC(C)C1C(=C(SC(=C1C#N)N)N)C#N,Inactive,3,,,1.95,0.171148,1.927,2.16695,1.74926
233,49679511,622563,CC1(N(C2=C3C(=CC=C(C3=C(C=C2)C=O)C=O)N1C)C)C,Inactive,3,,,1.94,0.59639,1.18123,2.0089,2.63755
234,49665485,17367121,COC1=CC(=C(C=C1)CN2CCN(CC2)CC3=CC=CO3)OC.C(=O)(C(=O)O)O,Inactive,3,,,1.88,0.829991,3.05001,1.29362,1.28507
235,22413285,1047007,C1COCCN1C(=O)/C(=C(\C2=CC=CC=C2)/SC3=NC=CC=N3)/NC(=O)C4=CC=CC=C4,Inactive,3,,,1.83,0.289883,1.50799,1.77829,2.21178
236,26732353,16746493,C[C@@H]1CC=C[C@H]2[C@H]1C(=O)N([C@H]2C3=C(C=C(C=C3)C4=CC(=C(C=C4)OC)OC)F)CC5=CC=CC=C5,Inactive,2,,,1.78,0.92413,0.996633,1.26905,3.07897
237,17408781,3123554,CN1C2=C(C=CC(=C2)Br)N=C1N=NC3=CC=C(C=C3)OC,Inactive,2,,,1.78,0.381485,1.81233,1.29471,2.22727
238,26728382,2811372,CC1=CC(=CC(=C1)NC(=O)N2CCN(CC2)CC3=CC4=C(C=C3)OCO4)C,Inactive,2,,,1.76,1.94348,-0.690478,4.06231,1.92109
239,17408991,2957942,CC1=CC(=CC=C1)CC2CC(=O)N(C2=O)C3=NC(=C(S3)C)C(=O)C,Inactive,2,,,1.71,0.298238,2.05109,1.32605,1.76595
240,56317836,24980080,CC(C)CCOC1=CC=C(C=C1)C(=O)NCC(C2=CC=CS2)N3CCOCC3,Inactive,2,,,1.69,0.603266,2.36331,1.80663,0.899528
241,121286207,348896,CN(C)C1=CC=C(C=C1)C=CC2=NC=CC3=CC=CC=C32,Inactive,2,,,1.57,1.35221,-0.117241,3.19267,1.64518
242,26668265,2969677,CC1(CC2=C(C(=O)C1)C(C(=O)N2CC3=CC=CO3)(C(F)(F)F)NC(=O)C4CCCCC4)C,Inactive,2,,,1.5,0.309586,1.69374,1.05802,1.73393
243,14723191,2059172,C1COCCN1C(=O)NCCNS(=O)(=O)C2=CC=CC=C2,Inactive,2,,,1.46,0.899286,2.27395,1.89114,0.203894
244,26670580,9643793,CCN(CC)S(=O)(=O)C1=CC=CC(=C1)C(=O)N/N=C/2\CCCC(=O)C2,Inactive,2,,,1.45,0.708748,2.14261,1.73689,0.477901
245,49825800,135458986,C/C(=N\NC(=O)C1=CC=C(C=C1)[N+](=O)[O-])/C(=N/O)/C(=O)NC2=CC=CC=C2,Inactive,2,,,1.42,0.80283,0.285333,2.01932,1.95568
246,26729821,135448456,CC1=C(N=C2C=CC=CN2C1=O)O,Inactive,2,,,1.28,1.43926,-0.592941,2.90507,1.53627
247,121284346,51359816,CC1=CN2C(=NC(=C2CC3=CC=CC=C3C(F)(F)F)C4=CC=CC=C4)C=C1,Inactive,2,,,1.28,0.374339,1.79176,1.14822,0.904326
248,49642659,3223575,CCOCCCNC(=S)N1CCC(CC1)C(=O)C2=CC=C(C=C2)C,Inactive,2,,,1.28,1.02132,1.77175,2.20512,-0.145358
249,22406244,2416106,CC(C)(C)NC(=O)NC(=O)COC(=O)C1=CC=C(C=C1)OC(F)(F)F,Inactive,2,,,1.26,0.288455,1.49969,0.850215,1.41592
250,87343271,5307873,CC1CCC(CC1)NC(=O)C2=CC3=C(N2C)C4=CC=CC=C4N(C3=O)C,Inactive,2,,,1.25,0.305033,1.03761,1.68323,1.0347
251,85268744,6056665,CC(CCC1=CC=CC=C1)NC(=O)COC(=O)/C=C/C2=CC(=C(C=C2)OC)OC,Inactive,2,,,1.25,0.640881,0.564254,2.10653,1.08181
252,14736278,7119208,COC1=CC=C(C=C1)C2=NC(=CS2)CCNC(=O)C3=CC=C(O3)Br,Inactive,2,,,1.25,0.538945,0.899584,2.00935,0.835273
253,49825416,24818927,CC1(CC(C2=C(C1)N(N=C2)C3=CC=CC=C3)NC(=O)CCCN4CCCCC4=O)C,Inactive,2,,,1.23,0.781764,0.351685,2.25194,1.09694
254,24811754,4535712,CC1=CC(=CC=C1)N2C(=O)CN(C2=S)CC3=CC=CS3,Inactive,1,,,1.19,0.761411,0.313283,1.0768,2.16869
255,17410433,3280147,COC(=O)C1CSC(N1C(=O)NC2=CC(=C(C=C2)Cl)Cl)C(=O)OC,Inactive,1,,,1.16,0.377782,0.745851,1.65754,1.0644
256,24811420,3326392,C1CC2=C(C(CC(=O)N2C3=CC=CC=C3F)C4=CSC=C4)C(=O)C1,Inactive,1,,,1.16,0.547373,1.2366,0.448827,1.78231
257,24785817,2412434,C1=CC=C2C(=C1)C(=NC=N2)SCC(=O)NC3=CC=C(C=C3)S(=O)(=O)N,Inactive,1,,,1.13,0.289707,1.31548,1.35188,0.719926
258,4249092,3243088,CCOC(=O)CSC1=NC2=CC=CC=C2C(=N1)NCC3=CC=CO3,Inactive,1,,,1.09,1.50561,2.49613,1.77302,-0.997307
259,14741123,2939761,CC1(CC2(CC(OC2=O)(C)C(=O)CSC3=NC4=CC=CC=C4S3)C(=O)O1)C,Inactive,1,,,1.08,1.31632,1.1648,-0.579387,2.64123
260,24819942,6367682,CCOC(=O)NC(=O)/C(=C\NC1=C(C=CS1)C(=O)OC)/C#N,Inactive,1,,,1.07,0.928403,0.912602,2.28307,0.0261996
261,49678960,135401758,C1=CC=C(C=C1)C2=CC(=O)NC(=N2)SCC(=O)NC3=CC(=C(C=C3)F)F,Inactive,1,,,1.07,0.774503,0.636292,0.415358,2.15761
262,51085569,7178270,CC1=CC=CC=C1NC(=O)COC2=COC(=CC2=O)CN3CCCC4=CC=CC=C43,Inactive,1,,,1.06,0.560425,1.12368,1.71345,0.345035
263,56323655,24982577,C=CCOC1=CC=C(C=C1)/C=C/C(=O)OCC(=O)NCCCC2=CC=CC=C2,Inactive,1,,,1.06,1.32968,0.974263,-0.525675,2.72807
264,17408378,95837,CC(=O)N1C2=CC=CC=C2C3=CC=CC=C31,Inactive,1,,,1.02,0.75059,-0.0164949,1.36376,1.72549
265,24806609,1175667,CC1=NC(=CC=C1)NC(=O)CSC2=NN=NN2C3=CC4=C(C=C3)OCCO4,Inactive,1,,,1,0.149981,0.894625,0.895412,1.21318
266,125306955,53384219,CC(C)(C)OC(=O)C(C(=O)OC(C)(C)C)OC1=CC=CC=C1[N+](=O)[O-],Inactive,1,,,0.94,0.776397,1.97984,0.118771,0.710378
267,47196425,2227322,CCNS(=O)(=O)C1=CC=C(C=C1)CCC(=O)NC2=CC3=C(C=C2)OCCO3,Inactive,1,,,0.93,0.888984,2.17389,0.130681,0.500139
268,99357988,296913,C1CC2C(CC1C2C(=O)O)O,Inactive,1,,,0.82,0.535735,0.0886925,1.03061,1.35095
269,7969891,135506251,C1CCN(CC1)C(=O)CSC2=NC3=C(C=NN3C4=CC=C(C=C4)F)C(=O)N2,Inactive,1,,,0.82,0.731218,0.670772,1.78148,0.00923738
270,51086890,16822418,COC1=CC=CC(=C1)N2CC(CC2=O)NS(=O)(=O)C3=CC=CS3,Inactive,1,,,0.77,1.19337,-0.646582,0.675935,2.2723
271,24784771,3230698,C1CN(CCC1C(=O)N2CCOCC2)S(=O)(=O)C3=CC=CC(=C3)[N+](=O)[O-],Inactive,1,,,0.76,1.19382,0.15527,-0.308305,2.42394
272,17416018,5347823,CC1=CC(=NC(=N1)NS(=O)(=O)C2=CC=C(C=C2)N/C=C\C(=O)C3=CC=C(C=C3)Cl)C,Inactive,1,,,0.75,1.37096,-0.0511733,2.67949,-0.378629
273,14745162,2085771,CC(C)(C)C1=CC(=C(C=C1)OC)NC(=O)C2=CC(=CN=C2)Br,Inactive,1,,,0.69,0.397225,1.11404,0.159629,0.800766
274,24793428,725229,CC1=CC=C(C=C1)C2=CSC3=C2C(=NC=N3)SCC(=O)N,Inactive,1,,,0.66,1.25183,0.336204,-0.687615,2.32744
275,24797093,3222466,CCC(C)(C)NC(=O)C(C1=CC=CC=N1)N(C2CCCCC2)C(=O)C3=CSN=N3,Inactive,1,,,0.62,0.0644677,0.710325,0.594533,0.559442
276,24792629,6471127,CCC(CC)NC(=O)NC1=CC=C(C=C1)OC,Inactive,1,,,0.62,0.910417,1.87526,0.243219,-0.256896
277,4251804,3245446,CC1=NC2=C(C=NN2C(=C1)C(F)F)C(=O)NCC3=CC=CC=C3C(F)(F)F,Inactive,0,,,0.56,1.04683,-0.918334,1.30906,1.29552
278,24812362,4621856,CC12CC(C3=CC=CC=C3O1)NC(=O)N2C4=CC=C(C=C4)OC,Inactive,0,,,0.54,1.17986,1.55635,-1.1163,1.17238
279,17433626,2189874,CC1=CC=C(C=C1)CC(=O)NC2=CC(=C(C=C2)F)[N+](=O)[O-],Inactive,0,,,0.53,0.477014,-0.118606,0.681092,1.01901
280,56316930,24687493,CCCCN1C(=C(C(=O)NC1=O)N(CCOC)C(=O)C2CCN(CC2)S(=O)(=O)C3=CC=C(C=C3)F)N,Inactive,0,,,0.43,1.24067,-0.658869,2.16551,-0.218189
281,17508640,693206,CC1=CC(=NN1C2=CC=C(C=C2)C(=O)O)C,Inactive,0,,,0.41,0.455735,1.01986,-0.0719397,0.272435
282,24811850,5342397,CN(C)C1=C(C=C(C=C1)/C=N/NC(=O)C2=CC=C(C=C2)CN3CCOCC3)Br,Inactive,0,,,0.39,1.10382,1.90794,-0.0432315,-0.688633
283,49666405,3751552,CCC(CC)C(=O)C1=CNC(=C1)C(=O)NCC2=CC=CC=C2,Inactive,0,,,0.36,1.24145,0.99219,-1.3715,1.46718
284,121283699,344344,C1=CC=C(C=C1)C=C(C2=CC=CC=C2)C(=O)C3=CC=CC=C3,Inactive,0,,,0.36,0.755315,0.29415,1.31618,-0.530441
285,47198309,2909004,CCOP(=O)(C1=CC=CC=C1)C(C2=CC=C(C=C2)[N+](=O)[O-])O,Inactive,0,,,0.36,1.12509,1.92919,-0.213555,-0.643093
286,87336293,239616,CN1CCN(CC1)C(=O)OCCOCCOC(=O)N2CCN(CC2)C,Inactive,0,,,0.27,0.103178,0.136992,0.38935,0.275103
287,22401840,986576,CC1=C(OC2=C1C=C(C=C2)F)C(=O)N3CCN(CC3)C4=CC=CC=C4OC,Inactive,0,,,0.27,0.680912,0.261216,-0.566591,1.10128
288,24782257,3193431,COC1=CC=C(C=C1)CN2C(=NN=N2)C(C3=CC4=C(C=C3)N=CC=C4)N5CCN(CC5)C6CCCCC6,Inactive,0,,,0.26,0.822582,-0.306103,-0.341571,1.42085
289,14742089,6858584,CCOC1=CC=C(C=C1)/C=N/N2C(=O)C(=NN=C2SC)C(C)(C)C,Inactive,0,,,0.24,0.65666,-0.554299,1.05409,0.235018
290,22410953,15945414,CC(C12CC3CC(C1)CC(C3)C2)NC(=O)COC(=O)[C@@H]4CCCN4S(=O)(=O)C5=CC=CC=C5F,Inactive,0,,,0.22,1.23608,1.69083,-1.33274,0.316887
291,24797561,342221,COC1=CC2=C(C=C1)C(=CC(=O)O2)CC(=O)O,Inactive,0,,,0.22,0.744869,-0.83173,0.72485,0.770896
292,56422104,15432,CCN(CC)C(=O)N1CCN(CC1)C.C(C(=O)O)C(CC(=O)O)(C(=O)O)O,Inactive,0,,,0.16,0.499665,-0.364388,0.832245,0.0113476
293,24815877,7532084,CC1=CC=C(C=C1)CSC2=NN=C3N2N=C(C=C3)C4=CC=NC=C4,Inactive,0,,,0.1,1.15039,0.420352,-1.44514,1.3166
294,17517231,4988904,C1OC2=C(O1)C=C(C=C2)CNC(=O)CN3C4=CC=CC=C4N=C3CC5=CC=CC=C5,Inactive,0,,,0.09,1.2553,1.30049,0.610051,-1.63962
295,56322271,24982016,CCCN(C1=C(N(C(=O)NC1=O)CC2=CC=CC=C2)N)C(=O)COC(=O)COC3=C(C=CC=C3C)C,Inactive,0,,,-0.01,1.49325,-1.63945,-0.357344,1.96829
296,47204861,788814,C1=CC=C(C(=C1)CC(=O)NCC2=CC=C(C=C2)S(=O)(=O)N)[N+](=O)[O-],Inactive,0,,,-0.02,0.208763,0.182909,0.0729387,-0.304567
297,16953568,2116834,COC1=CC=CC(=C1)NC(=O)COC(=O)C2=CC=C(C=C2)S(=O)(=O)NCC3=CC=CO3,Inactive,0,,,-0.02,1.54591,0.0662345,1.82943,-1.95433
298,24814722,759233,C1=CC(=CN=C1)NC(=O)C2=C(C=C(C=C2)[N+](=O)[O-])Cl,Inactive,0,,,-0.07,1.12306,1.51939,-0.854766,-0.87112
299,24792253,805047,C1CN(CCC1C(=O)N)C(=S)NCC2=CC3=C(C=C2)OCO3,Inactive,0,,,-0.11,0.118499,0.0520953,-0.217453,-0.175936
300,99358245,301273,C1COCCN1C2=CC3=CC=CC4=C3C(=CC=C4)C2=O,Inactive,0,,,-0.14,0.942635,0.290759,-1.44767,0.737573
301,7967577,5308899,CC(CCC1=CC=CO1)NC(=O)CN2C3=C(C=N2)C(=O)OC4=CC=CC=C43,Inactive,0,,,-0.19,0.804588,0.451172,-1.32364,0.305841
302,47194993,4023389,CC1=CC=CC=C1C(=O)NCC(C)NC(=O)C2=CC=CC=C2C,Inactive,0,,,-0.25,1.34154,0.340301,1.01304,-2.10889
303,49670385,9661258,COC1=CC=CC(=C1)C(=O)N/N=C/2\C(=CC3=CC=CC=C3O2)C(=O)N,Inactive,0,,,-0.27,0.40048,-0.597233,0.296724,-0.500052
304,87346022,44602009,CC(C)C(C(=O)OC)N(CC1=CC(=CC(=C1)OC)OC)S(=O)(=O)CCl,Inactive,0,,,-0.29,1.13161,-1.78122,0.955918,-0.0337823
305,22416698,874291,CC1=CC(=CC=C1)NC(=O)C2=C(C=CC(=C2)Cl)[N+](=O)[O-],Inactive,0,,,-0.32,0.48912,-0.703485,-0.634382,0.366919
306,14723979,765256,C1CCN(C1)C(=O)NC2=CC(=CC=C2)Cl,Inactive,0,,,-0.35,0.147336,-0.151057,-0.494253,-0.419338
307,14743777,2468245,CCOC(=O)CN1C(=O)OC(=N1)C2=CC=C(C=C2)F,Inactive,0,,,-0.36,0.932096,-0.0370393,0.590459,-1.62442
308,17513335,5599895,CCCCCCN1C(=O)C2=NC3=C(C=C(C(=C3)C)N)N=C2NC1=O,Inactive,0,,,-0.43,1.63905,-2.50129,1.50758,-0.307487
309,49822141,17578782,CCN(C1CCS(=O)(=O)C1)C(=O)C(C)N2C(=O)/C(=C/C3=CC=CO3)/SC2=S,Inactive,0,,,-0.45,2.26811,0.470767,1.74791,-3.57321
310,87341709,42627892,CC(C)C(=O)N[C@H]1[C@H](CCC2=CC=CC=C12)OCC3=CC=CC=C3,Inactive,0,,,-0.45,1.52868,-2.48315,1.20691,-0.0872833
311,49819102,2166679,CC1=CC(=NO1)NS(=O)(=O)C2=CC=C(C=C2)NC(=O)CC3=CC=C(C=C3)[N+](=O)[O-],Inactive,0,,,-0.49,0.413266,-0.380793,-1.03992,-0.0449854
312,14744728,9551932,CNCCC1C2=CC=CC=C2OC3=CC=CC=C3S1.C(=O)(C(=O)O)O,Inactive,0,,,-0.51,0.324101,-0.948703,-0.17776,-0.399149
313,7973411,789519,C1=CC=C(C=C1)P(=O)(CC(=O)NN2C=NN=C2)C3=CC=CC=C3,Inactive,0,,,-0.53,0.359374,-0.483559,-0.110739,-0.987748
314,49817354,135550914,C1=CC=C(C=C1)/C(=N/N=C/C2=C(NC(=O)S2)[N+]3=CC4=CC=CC=C4C=C3)/[O-],Inactive,0,,,-0.55,1.29152,-2.18673,0.97096,-0.441098
315,85200385,44201507,C=CC[C@@H](CC1=CC=C(C=C1)F)C(=O)OC[C@H](CC2=CC=CC=C2)NC(=O)[C@@H](CC=C)CC(=O)N(CCO)CC3=CC=CC=C3,Inactive,0,,,-0.58,0.774613,0.512892,-1.01742,-1.22372
316,17512358,3740417,CC1=C(C=CC(=C1)C(C(=O)OC)(C(F)(F)F)O)N=CC2=CC=CC=C2O,Inactive,0,,,-0.58,0.856025,-1.36379,-0.984546,0.611789
317,85146349,44142234,CC1=CC=C(C=C1)S(=O)(=O)N2[C@@H](C([C@@H](C3=C2C=CC(=C3)C)C=C)(C#N)C#N)C4=CC=CC=C4,Inactive,0,,,-0.61,0.263911,-0.599532,-0.934971,-0.288679
318,49729200,1241283,C1CCC(CC1)C(=O)NC2CCN(CC2)S(=O)(=O)C3=CC=C(C=C3)Cl,Inactive,0,,,-0.67,0.452586,-1.23785,-0.129871,-0.651564
319,3712495,2998042,C1=CC2=NC(=CN2C=C1)CSC3=NN=C(O3)C4=CC=CO4,Inactive,0,,,-0.67,0.459949,-0.0308921,-1.07662,-0.916839
320,49721648,20927104,C1CCN(CC1)S(=O)(=O)C2=CC=C(O2)C3=NNC(=O)C=C3,Inactive,0,,,-0.68,0.605298,0.14823,-0.909925,-1.28027
321,49715946,3527826,C1=CC(=CC(=C1)Cl)NC(=O)CSC2=NN=C(O2)CNC(=O)C3=CC=CO3,Inactive,0,,,-0.7,0.0565598,-0.620682,-0.711919,-0.756591
322,14731331,9550092,CCCS(=O)(=O)N1C(=CC(=N1)C2=CC=C(C=C2)C)N,Inactive,0,,,-0.74,1.31187,-1.21506,1.05327,-2.05207
323,4256030,973789,CC1=CC2=C(C=C1C)N(C=N2)S(=O)(=O)N3CCCCC3,Inactive,0,,,-0.77,1.80858,1.68678,-1.40168,-2.60796
324,56323198,24982382,CN(C)C(CNC(=O)C1=CC(=CC=C1)S(=O)(=O)NC2=CC=CC=C2OC)C3=CC=CO3,Inactive,0,,,-0.81,0.768464,-0.26852,-1.89482,-0.260836
325,845528,647877,CC1=CC=C(C=C1)C2=NN(C(=N2)N)S(=O)(=O)C3=CC=C(C=C3)NC(=O)C,Inactive,0,,,-0.88,1.38476,-2.47387,0.903028,-1.06189
326,93576602,45479730,CC[C@@H](CO)NC(=O)[C@H]1CN([C@@H]2CC3=CNC4=CC=CC(=C34)C2=C1)C.C(=C\C(=O)[O-])\C(=O)[O-],Inactive,0,,,-0.89,0.893076,-0.726372,0.118761,-2.05122
327,14747165,2422420,CCOC(=O)C1=CC=C(C=C1)NC2=NS(=O)(=O)C3=C(S2)C=CC(=C3)F,Inactive,0,,,-0.99,0.679264,-1.36445,-1.56307,-0.033125
328,57258879,25162841,CCN(C1=C(N(C(=O)NC1=O)CC2=CC=CC=C2)N)C(=O)COC(=O)C3=C(C=CC(=C3)Cl)OC,Inactive,0,,,-1,1.33393,-1.70402,-2.16551,0.86655
329,4250755,3244521,CCOC1=CC=C(C=C1)NC(=O)CN2CCN(CC2)CC(=O)NC3=CC4=C(C=C3)OCCO4,Inactive,0,,,-1,1.57543,0.961143,-2.89607,-1.0692
330,24782745,3136911,C1C(CC(=O)C=C1NNC(=O)C2=CN=CC=C2)C3=CC=CO3,Inactive,0,,,-1.18,1.15103,-1.18892,0.2291,-2.59032
331,56324965,24686799,C1COCCN1C2=NC(=CS2)C(=O)NNC(=O)C3=CC(=NC4=CC=CC=C43)C5=CC=CC=C5,Inactive,0,,,-1.21,0.217573,-1.45409,-0.924937,-1.24446
332,850913,653459,C1CN(CCN1CC(=O)N(C2=CC=CC=C2)C3=CC4=CC=CC=C4C=C3)C5=CC=CC=N5,Inactive,0,,,-1.3,0.331658,-1.32101,-1.68941,-0.878159
333,49642333,3224967,CC1C(=O)N(C2=CC=CC=C2O1)CC(=O)NC3=CC(=C(C=C3)OC)OC,Inactive,0,,,-1.33,2.0472,-4.20463,-0.145261,0.374696
334,4256302,1242503,CCOC1=CC=C(C=C1)NC2=C(N=C(O2)CC3=CC=CC=C3)C#N,Inactive,0,,,-1.34,1.5421,-0.801548,0.213543,-3.44496
335,22401969,6624370,CCC1=NC2=C(C=CC(=C2)C(=O)O)SC3=C1C=C(C=C3)Cl,Inactive,0,,,-1.36,0.704908,-2.15984,-0.444118,-1.47009
336,85199979,2368096,CC1=CN=C(C=N1)C(=O)OCC(=O)NC2=CC=CC=C2SC,Inactive,0,,,-1.37,0.815747,-2.49625,-1.03318,-0.586127
337,4265251,1288488,CC1=CC(=C(C(=C1Cl)C)S(=O)(=O)NCC2=CC3=C(C=C2)OCO3)OC,Inactive,0,,,-1.48,0.923723,-2.73472,-1.15885,-0.540668
338,144097541,60159381,CC1=CC=C(C=C1)C2=C(OC(=O)C3=CC=CC=C32)C(=O)NCCCSC,Inactive,0,,,-1.5,0.794762,-2.06009,-0.372054,-2.0559
339,4242024,3236929,CC1=CC=C(C=C1)CN2C(=C3C=NN(C(=O)C3=C2C)CC(=O)NC)C,Inactive,0,,,-1.52,0.413772,-2.065,-1.43972,-1.06156
340,4249161,3243150,CC1=C(SC(=C1C(=O)OC)S(=O)(=O)N2CCN(CC2)C3=CC=CC=C3)C(=O)OC,Inactive,0,,,-1.52,1.29052,0.0319062,-3.12796,-1.47125
341,49724720,6464017,COC1=CC=C(C=C1)C(=O)N2CCN(CC2)C3=CC=C(C=C3)NC(=O)C4=CC=CO4,Inactive,0,,,-1.67,1.22018,-1.39095,-3.28699,-0.33808
342,24824406,459531,C1=CN=CC(=C1C(=O)O)N,Inactive,0,,,-1.67,0.746231,-1.24345,-1.05253,-2.72233
343,49668763,2286949,COC1=CC=CC=C1N(CC(=O)NCCSCC2=CC=CC=C2)S(=O)(=O)C,Inactive,0,,,-1.68,0.3246,-2.13906,-1.41108,-1.49816
344,85146904,44142760,CCOC(=O)[C@H]1[C@H]2COC3=CC=CC=C3[C@@H]2N4[C@]1(C(=O)N(CC4=O)CC5=CC=C(C=C5)C)C,Inactive,0,,,-1.73,1.15652,-0.653084,-1.20265,-3.3346
345,22412292,851916,COC(=O)/C=C/C(=O)NC1=CC=CC(=C1)C(F)(F)F,Inactive,0,,,-1.78,0.721908,-1.23643,-1.29892,-2.79812
346,56319089,16285055,C1=CSC(=C1)C(=O)NCC(=O)OCC(=O)NC2=C(C=C(C=C2)C(F)(F)F)[N+](=O)[O-],Inactive,0,,,-1.79,0.351523,-1.86736,-1.32044,-2.16985
347,24825396,135439824,COC1=CC=C(C=C1)CCNC(=O)CC2C(=O)NC(=NCC3=CC=CC=C3)S2,Inactive,0,,,-1.8,0.691594,-2.72621,-1.61294,-1.06375
348,26731727,2806315,C1=CC(=CC=C1C2=CN=CO2)NC(=O)NC(=O)C3=CC=C(C=C3)C(F)(F)F,Inactive,0,,,-1.83,1.75383,-1.68051,-4.04629,0.242064
349,49679177,24762021,COC1=C(C=C(C=C1)S(=O)(=O)C2=CNC(=S)NC2=O)Cl,Inactive,0,,,-1.93,0.680929,-1.12947,-1.8546,-2.79286
350,49648585,929646,C1CCN(CC1)C2=CC=CC=C2NC(=O)C3=CC(=CC=C3)Cl,Inactive,0,,,-1.94,0.138872,-2.07522,-1.98608,-1.74635
351,17510106,4055124,COC1=CC=C(C=C1)N2C(SCC2=O)C3=C(C(=CC=C3)OC)OC,Inactive,0,,,-1.98,0.644131,-1.78231,-1.31617,-2.85466
352,859735,661039,C1COC2(O1)CC=C3[C@H](C2)[C@H](C(C(=C3C#N)N)(C#N)C#N)C4=C(C=CC=C4F)F,Inactive,0,,,-2.01,0.389611,-2.53528,-1.60061,-1.90097
353,17515884,4051302,C1COCCN1C2=C3C=CC=C4C3=C(C=C2)C(=O)N(C4=O)CCOC(=O)C5=CC=CC=C5Cl,Inactive,0,,,-2.03,0.203263,-2.30689,-1.94501,-1.82981
354,14729575,16412240,C=CCN\1C(=O)C(S/C1=N/N=C/C2=CC=CS2)CC3=CC=CC=C3,Inactive,0,,,-2.03,1.19644,-1.48792,-3.6934,-0.919284
355,47198037,786178,COC1=CC=C(C=C1)C2=C(C(=O)ON2)N=NC3=CC=C(C=C3)OC,Inactive,0,,,-2.03,0.974864,-1.09874,-3.37859,-1.62356
356,49733387,3191553,CCOC1=C(C=CC(=C1)C(C(=O)NCC2CCCO2)N(C3=CC=C(C=C3)NC(=O)C)C(=O)CN4C5=CC=CC=C5N=N4)O,Inactive,0,,,-2.04,0.674246,-2.9751,-1.40459,-1.7473
357,49735459,22550110,CC1C(=O)NC2=C(S1)C=CC(=C2)S(=O)(=O)NC3=CC=C(C=C3)OC,Inactive,0,,,-2.09,0.265622,-2.3954,-1.74679,-2.11556
358,7965329,5307562,CC1=C(C=CC(=C1)S(=O)(=O)N2C(=CC(=N2)C3=CC=CC=C3OC)N)F,Inactive,0,,,-2.11,1.43361,-0.212525,-2.43774,-3.67776
359,49719966,20936526,CC1=NOC(=C1)C2=CC(=C(C=C2)C(C)C)S(=O)(=O)NC3=CC=CC=N3,Inactive,0,,,-2.14,0.0679842,-2.21224,-2.04968,-2.16228
360,14740599,2129848,CCOC(=O)C1=C(OC2=C1C(=C(C=C2)O)CN3CCCC3)C4=CC=CC=C4,Inactive,0,,,-2.16,0.697029,-2.34278,-2.90407,-1.22699
361,92764278,384845,CC1C(C2=CC3=C(C=C2OC1NCC4=CC=CC=C4)OCO3)C5=CC(=C(C(=C5)OC)OC)OC,Inactive,0,,,-2.16,0.692569,-1.54929,-1.79827,-3.12703
362,144089694,60156710,COC(=O)C1CN(CCS(=O)(=O)N1CC2=CC=CC=C2)C3CCCC3,Inactive,0,,,-2.21,0.830952,-1.34497,-3.3288,-1.94254
363,24799428,16191099,CC1=CC=CC=C1[C@@H]2C[C@H]3CN(C(=O)[C@@]34N2CCC4)CC5=CC=CC=C5OC,Inactive,0,,,-2.29,0.158556,-2.07184,-2.35498,-2.44363
364,99360986,2725270,CC1=CC(=O)N(C(=S)N1)CC2=CC=CO2,Inactive,0,,,-2.3,0.251525,-2.09652,-2.6586,-2.15907
365,26658865,3052784,C1COCCOC2=C(C=C(C=C2)C(=O)C3=CC=CC=C3)OCCOCCO1,Inactive,0,,,-2.33,1.13237,-3.85845,-1.14863,-1.99084
366,862144,663370,CN(CC1=CC2=C(C=CC(=C2)OC)NC1=O)C(=O)C3=CC=NC=C3,Inactive,0,,,-2.34,0.664556,-2.26198,-1.56831,-3.19048
367,862810,664043,C1C=CCC2C1C(=O)N(C2=O)C3=NN(C(=N3)N)C4=CC=CC=C4,Inactive,0,,,-2.4,1.00762,-3.66569,-2.33477,-1.20014
368,57269198,2480730,COC1=CC=C(C=C1)N(CC(=O)NCC2=CC3=C(C=C2)OCO3)S(=O)(=O)C4=CC(=C(C=C4)O)C(=O)O,Inactive,0,,,-2.4,0.26779,-2.04293,-2.68568,-2.47768
369,24815993,9660103,CN(C)S(=O)(=O)C1=CC=C(C=C1)C(=O)NCC(=O)N/N=C/C2=CC=CS2,Inactive,0,,,-2.41,1.07006,-2.081,-3.85794,-1.3008
370,24796476,135433306,COC1=CC=CC(=C1O)/C=N\NC(=O)C2=CC=C(O2)CN3C=C(C(=N3)[N+](=O)[O-])Br,Inactive,0,,,-2.46,0.582214,-1.64152,-2.92709,-2.81896
371,862627,663861,CC1=C(C2=CC=CC=C2N1)C(=O)CN3CCN(CC3)C4=CC=CC=C4OC,Inactive,0,,,-2.5,0.750159,-1.72853,-3.51702,-2.25769
372,24832163,2091904,CN(C1=CC=CC=C1OC)S(=O)(=O)C2=CC=C(C=C2)C(=O)OCC(=O)NCC(F)(F)F,Inactive,0,,,-2.5,0.279661,-2.13395,-2.56805,-2.80993
373,85268263,2352738,C1CCC(CC1)CNC(=O)COC(=O)C2=CC=C(C=C2)Cl,Inactive,0,,,-2.56,0.697473,-1.60445,-2.84587,-3.24166
374,7973571,987926,COC1=CC=CC=C1N2CCN(CC2)C(=O)COC3=CC=CC=C3OC,Inactive,0,,,-2.56,0.533037,-1.82581,-3.06361,-2.80452
375,24799388,16191059,CN1C=C(C(=N1)C2=CC=C(C=C2)OC3=CC=CC=C3)CNCC4CCCN(C4)CCOC,Inactive,0,,,-2.58,0.765572,-3.64269,-2.24216,-1.86244
376,26662544,1382193,CC(C)C(=O)NC1=NN=C(S1)COC2=CC=C(C=C2)Cl,Inactive,0,,,-2.62,0.138949,-2.52696,-2.81966,-2.52288
377,49673516,2351762,CCOC(=O)C1CCN(CC1)CC(=O)N2CCC3=CC=CC=C32,Inactive,0,,,-2.67,0.333575,-2.50256,-3.14036,-2.37915
378,99494408,46947950,CC(=O)NC1=CC(=CN2C1=NC=C2C3=CC(=CC=C3)C(F)(F)F)C4=CC=CC=C4N(C)C,Inactive,0,,,-2.7,0.928177,-1.53535,-2.75248,-3.80697
379,24798407,16190078,CCOC(=O)C1(CCN(CC1)CC2=NOC=C2)CC3=CC(=CC=C3)F,Inactive,0,,,-2.72,0.725233,-3.38347,-1.71046,-3.06427
380,49673463,2598395,COC1=C(C=C(C=C1)CCC(=O)N2CCN(CC2)C3=CC=CC=C3)OC,Inactive,0,,,-2.83,1.62917,-2.27306,-5.04952,-1.17887
381,24840507,3433652,CC(C(=O)NC1=NC=C(C=C1)Cl)OC(=O)C2=CC=CO2,Inactive,0,,,-2.91,1.53815,-2.23797,-5.03616,-1.45207
382,49675152,2344980,COC1=C(C(=CC=C1)OC)C(=O)OCC(=O)NCCCC2=CC=CC=C2,Inactive,0,,,-2.94,0.131867,-2.79549,-2.90849,-3.11405
383,26660466,16682089,CCC(C)[C@@H](C(=O)O)NC(=O)N1CCC(CC1)C,Inactive,0,,,-3.13,0.739993,-3.91193,-2.13777,-3.34644
384,14731713,6622683,CCC1=CC=C(C=C1)CNC(=O)C2=CC3=C(O2)C4=CC=CC=C4N=C3C,Inactive,0,,,-3.17,0.831175,-2.22565,-3.02363,-4.24675
385,24796583,3217805,CCC1=CC=CC=C1NC(=S)NC2CC3CCC(C2)N3CC4=CC=C(C=C4)F,Inactive,0,,,-3.28,0.875279,-2.72275,-2.60054,-4.51537
386,57269165,16325118,C1=CC=C2C(=C1)C(=NN(C2=O)CC(=O)NC3=C(C=CC(=C3)C(F)(F)F)N4C=NC=N4)C(=O)O,Inactive,0,,,-3.33,0.368659,-3.58939,-2.80547,-3.58562
387,49725032,3181133,COCCN1C(=NN=C1SCC(=O)NC2CCCCC2)COC3=CC=CC(=C3)OC,Inactive,0,,,-3.36,0.185307,-3.21906,-3.61744,-3.22985
388,99495723,1034643,CC1=CC=C(C=C1)C2=C(C(=O)N(C(=C2C#N)N)C3=CC=C(C=C3)Cl)C#N,Inactive,0,,,-3.37,1.21456,-1.87546,-4.85045,-3.37779
389,4245091,569941,CC1CN(OC(O1)C2=CC3=C(C=C2)OCO3)C(=O)C4=CC=CC=C4,Inactive,0,,,-3.41,0.152888,-3.5499,-3.19552,-3.47758
390,57265587,9036557,COC1=CC=C(C=C1)S(=O)(=O)N2CCN(CC2)CC(=O)NCCC3=CC=CS3,Inactive,0,,,-3.41,0.48521,-2.79074,-3.97386,-3.48025
391,24840267,2570263,CCN(CC)S(=O)(=O)C1=CC=CC(=C1)C2=NN=C(N2C)SCC3=NC=C(O3)C4=CC=CC=C4,Inactive,0,,,-3.51,0.405068,-3.83582,-2.94111,-3.75993
392,85199076,9101107,C1CN(CCN1C2=CC=CC=N2)C(=O)CCNC(=O)C3=CC=C(C=C3)[N+](=O)[O-],Inactive,0,,,-3.8,1.37336,-3.14483,-5.71639,-2.55237
393,24801145,821178,C1=CC=C(C=C1)CC(=O)NNC2=NS(=O)(=O)C3=CC=CC=C32,Inactive,0,,,-3.85,0.993063,-5.21148,-2.86688,-3.47798
394,24788874,4306414,COC1=CC=C(C=C1)CC(=O)NCC2=NNC(=S)N2C3=CC=CC=C3OC,Inactive,0,,,-4.02,1.05599,-2.73939,-5.32535,-3.9813
395,26670841,5400997,CC1=CC2=C(C=C1N)N=C3C(=N2)C(=O)N(C(=O)N3)CC4=CC=CC=C4,Inactive,0,,,-4.02,0.790705,-3.63597,-5.12119,-3.30199
396,121284003,51359536,COC1=CC=C(C=C1)OC2=CC=CC3=C2S(=O)(=O)N(CC(O3)COC4=CC=CC=C4)CC#C,Inactive,0,,,-4.15,0.319466,-4.33352,-4.41917,-3.70273
397,24819940,135451668,CCOC(=O)NC(=O)/C(=C(\C)/O)/C=N/C1=C(C=CS1)C(=O)OC,Inactive,0,,,-4.18,1.2359,-5.66263,-2.63701,-4.23786
398,56317070,24687256,CC1=CC=C(C=C1)OCCC(=O)OCC(=O)N2CCN(CC2)S(=O)(=O)C3=CC=C(C=C3)Cl,Inactive,0,,,-4.29,0.357618,-4.6732,-3.8146,-4.3943
399,26661894,5726750,C/C(=N\N1CCN(CC1)CC2=CC=C(C=C2)Cl)/C3=CC=C(C=C3)[N+](=O)[O-],Inactive,0,,,-4.34,0.641317,-4.59566,-3.45317,-4.95813
400,50086472,4905842,CSC1=CC=C(C=C1)C2C(=C(C(=O)N2C3=NN=C(S3)SC)O)C(=O)C4=CC=CO4,Inactive,0,,,-4.36,0.210491,-4.63832,-4.12883,-4.31506
401,22406546,4056505,CCC1(C(=O)N(C(=O)N1)CC(=O)N2C(CC(=N2)C3=CC=CC=C3)C4=CC=C(C=C4)OC)C,Inactive,0,,,-4.47,0.922705,-3.2634,-4.63666,-5.50465
402,17514200,6889118,C#CCN1C=C(C2=CC=CC=C21)/C=N/NC(=O)COC3=CC=CC4=C3N=CC=C4,Inactive,0,,,-4.47,0.909631,-5.61248,-3.38651,-4.41444
403,49736190,17398405,CN1C=C(C=C1C(=O)NC2=CC=CC=C2OC)S(=O)(=O)N3CCCC3,Inactive,0,,,-4.56,0.214034,-4.41242,-4.86763,-4.41478
404,14723554,1572650,CC(=O)NC1=CC=C(C=C1)NC(=O)CCCCCN2C(=O)C3=CC=CC=C3C2=O,Inactive,0,,,-4.58,0.94062,-3.94668,-5.90462,-3.87384
405,121283061,51359149,CCOC(=O)C1=CCN(C1C2=CC(=CC=C2)Cl)S(=O)(=O)C3=CC(=CC=C3)Cl,Inactive,0,,,-4.61,0.844088,-3.74384,-4.33912,-5.75624
406,17508513,3100197,C1CCN(CC1)C2=C(C=C(C(=C2)N)Cl)[N+](=O)[O-],Inactive,0,,,-4.62,0.651783,-5.53331,-4.26642,-4.05848
407,17510851,3359480,CN(C1=CC=CC=C1)C(C2=CC3=C(C=C2[N+](=O)[O-])OCO3)C(=O)NC4=CC=C(C=C4)OC,Inactive,0,,,-4.66,1.30492,-3.41513,-6.46356,-4.10692
408,24830728,5972646,C1C/C(=N/NC(=O)C2=C(C3=CC=CC=C3S2)Cl)/CC(=O)C1,Inactive,0,,,-4.73,0.881677,-5.04049,-3.52289,-5.61239
409,22402610,4257337,C1CC1N2C(=C(C(=O)NC2=S)C=NC3=CC=CC(=C3)C(F)(F)F)O,Inactive,0,,,-4.75,0.429685,-4.36877,-5.34889,-4.52664
410,24818136,1071199,C1COC2=C(O1)C=CC(=C2)NC(=O)CN3N=C(N=N3)C4=CC=C(C=C4)F,Inactive,0,,,-4.87,0.370993,-4.59759,-5.39553,-4.61996
411,103162647,49795208,CC(=O)NC1=CC(=CN2C1=NC=C2C3=CC=C(C=C3)S(=O)(=O)C)C4=CC=CC=C4N(C)C,Inactive,0,,,-5.18,0.591032,-5.33843,-4.39622,-5.81923
412,24828325,4425285,C1=CC=C(C=C1)CC(C2=CC=CC=C2)NC(=O)CCl,Inactive,0,,,-5.33,0.498001,-4.62794,-5.72137,-5.643
413,49643103,686671,COC1=C(C(=CC=C1)OC)C(=O)NC2=C(C3=C(S2)CCC3)C#N,Inactive,0,,,-5.38,0.256367,-5.37378,-5.07617,-5.70386
414,49642364,1090093,C1CN=C(SC1)NC2=CC=CC(=C2)C(F)(F)F,Inactive,0,,,-5.4,0.282898,-5.63897,-5.0019,-5.55654
415,57268411,16324384,C1CCN(CC1)S(=O)(=O)C2=CN=C(C=C2)SCC3=CC=C(C=C3)Br,Inactive,0,,,-5.42,1.25541,-3.65251,-6.16822,-6.44194
416,24799882,16191552,C1CCN(C1)C(=O)CCC2=NN=C(O2)CC3=CC=C(C=C3)C4=CC=CC=C4,Inactive,0,,,-5.52,1.27398,-6.77153,-6.00725,-3.76918
417,47197117,23723377,C=CCC(=O)NC1CCCC2=C1C=NN2C3=CC(=CC(=C3)F)F,Inactive,0,,,-5.52,0.842601,-4.942,-4.90037,-6.70825
418,57260675,16307769,CN(C)C1=CC=C(C=C1)CN(C)CC(=O)NC2=CC=CC=C2C(=O)NC3CC3,Inactive,0,,,-5.56,0.474531,-6.21463,-5.36773,-5.10171
419,26671218,135635728,CC(C)(C)C1=CC=[N+](C=C1)C2=C(SC(=O)N2)/C=N/NC(=NC3=CC=CC=C3)[S-],Inactive,0,,,-5.57,0.754224,-6.52228,-4.67693,-5.52303
420,17408385,3227215,C1=CSC(=C1)CNC2=CC(=NC3=NC=NN23)C(F)(F)F,Inactive,0,,,-5.83,1.83314,-4.25576,-4.82349,-8.39709
421,24791506,5422824,C1CCC(CC1)N2C(=O)C3=NC4=C(C=C(C=C4)N)N=C3NC2=O,Inactive,0,,,-5.9,0.683607,-6.79905,-5.76033,-5.14227
422,56463252,3845,C1=CC=C2C(=C1)C(=O)C=C(N2)C(=O)O,Inactive,0,,,-5.99,0.794932,-6.38481,-6.70827,-4.88366
423,26670583,6533452,COC1=C(C=C(C=C1)/C=C/2\CCC3=C(C4=CC=CC=C4N=C23)C(=O)O)OC,Inactive,0,,,-6.01,0.404953,-6.05856,-6.47622,-5.48821
424,14724973,779610,C1CN(CCC1CC2=CC=CC=C2)C(=O)C3=CC=CS3,Inactive,0,,,-6.05,0.738629,-6.65871,-6.47426,-5.00778
425,85271362,4004250,CN(C)S(=O)(=O)C1=CC=CC(=C1)NC(=O)C2CCN(CC2)S(=O)(=O)C3=CC=CS3,Inactive,0,,,-6.13,0.501169,-5.42519,-6.5209,-6.45244
426,14729535,678309,CC(=O)OC1=CC2=C(C=C1)OCC3=CC=CC=C3C2=O,Inactive,0,,,-6.14,0.682019,-5.6367,-5.68682,-7.10789
427,863960,665215,COC1=CC=C(C=C1)N(CC2=CC3=C(C=CC(=C3)OC)NC2=O)C(=O)C4=CN=CC=C4,Inactive,0,,,-6.4,1.28024,-7.84522,-6.60949,-4.73131
428,47194296,4449898,CC1=C(C(=O)N(N1C)C2=CC=CC=C2)NS(=O)(=O)C3=C(C=CC(=C3)[N+](=O)[O-])Cl,Inactive,0,,,-6.41,0.489969,-7.08167,-6.21143,-5.93078
429,14723948,9549465,C1=CC2=C(C=C1Cl)NC(=N2)NCCCl.Cl,Inactive,0,,,-6.45,0.197835,-6.65376,-6.18166,-6.5124
430,89852936,2796945,C1=CSC(=C1)C=C2C(=O)NC(=S)S2,Inactive,0,,,-6.46,0.207344,-6.17619,-6.65643,-6.55944
431,4265487,779278,C1CCN(CC1)C2=C(OC3=CC=CC=C32)C(=O)N4CCCCC4,Inactive,0,,,-6.5,0.674662,-5.54429,-6.95593,-6.99423
432,4261156,2194474,COC(=O)COC1=CC=C(C=C1)S(=O)(=O)NCC=C,Inactive,0,,,-6.52,0.921382,-5.75356,-5.98835,-7.8149
433,24823257,4063760,C1C(CC(=O)C=C1NNC(=O)C2=CC=NC=C2)C3=CC=CC=C3,Inactive,0,,,-6.56,1.12533,-8.14143,-5.61048,-5.93026
434,99361051,3574397,CC(=O)NC1CCC2=CC(=C(C(=C2C3=CC=C(C(=O)C=C13)NCC4=CC=CC=C4)OC)OC)OC,Inactive,0,,,-6.65,0.897386,-5.97053,-6.07123,-7.92252
435,26666835,933895,CC(C)C1=NC(=C(O1)NN)C#N,Inactive,0,,,-6.73,1.49011,-4.74983,-8.34623,-7.08787
436,26732314,16746462,CN(C)C1=CC=C(C=C1)C(CCN2CCOCC2)C3=C(C=C(C=C3OC)OC)O,Inactive,0,,,-6.88,0.605456,-7.05326,-7.52241,-6.06943
437,121286085,24790386,CCN1C(=O)[C@@H]2[C@H](C1=O)[C@@]3(C(=O)N(C(=O)N3[C@@H]2C4=CC=C(C=C4)C)C5=CC=C(C=C5)OC)C,Inactive,0,,,-6.91,0.233416,-7.02899,-6.58503,-7.11901
438,85200438,44201560,C[C@@H]1COC(=O)[C@@H](C/C=C\C[C@H](C(=O)N1)CC(=O)NCCO)CC2=CC=C(C=C2)F,Inactive,0,,,-6.91,0.13845,-6.93594,-6.73544,-7.07256
439,26657938,16245365,CC1=NN=C2N1N=C(CS2)C3=CC4=C(C=C3)OCC(=O)N4.Cl,Inactive,0,,,-7.07,0.212723,-6.77871,-7.16222,-7.27594
440,49680120,11646094,CC1=CC2=C(C=C1NC(=O)C(F)(F)F)N=C3C(=N2)C(=O)NC(=S)N3,Inactive,0,,,-7.11,0.768895,-8.17351,-6.78424,-6.37758
441,57268111,4676506,COC1=C(C=C(C=C1)S(=O)(=O)N2CCOCC2)NC(=O)C3=CC=C(C=C3)OC(F)F,Inactive,0,,,-7.12,0.991766,-8.2327,-5.82388,-7.30104
442,24832605,4098803,C1=CC=C(C=C1)OC2=CC=C(C=C2)OCC(=O)NCC3=CN4C=CC=CC4=N3,Inactive,0,,,-7.16,0.897921,-5.8884,-7.73542,-7.84611
443,24826210,9659007,COC1=CC2=C(C=C1)C(=C(S2)C(=O)N/N=C/3\CCCC(=O)C3)Cl,Inactive,0,,,-7.17,1.6768,-5.12472,-7.15387,-9.23192
444,24823831,6621522,CC1=CC2=C(C=C1N=CN(C)C)N=C3C(=N2)C(=O)N(C(=O)N3)CC=C,Inactive,0,,,-7.33,1.10375,-8.7857,-7.10624,-6.11111
445,92763380,429643,CC1C(C(CC(O1)OC2CC(CC3=C2C(=C4C(=C3O)C(=O)C5=C(C4=O)C(=CC=C5)OC)O)(C(=O)CO)O)N(C)C)O,Inactive,0,,,-7.43,1.40609,-8.5371,-5.44755,-8.31061
446,4264142,2214726,CCCCC12CNCC(C1=O)(CNC2)C,Inactive,0,,,-7.51,1.08266,-6.0881,-7.72219,-8.714
447,49730352,6497819,CN1C(=NN=C1SCC(=O)NC2=NN=CS2)CC(=O)NC3=CC=CC=C3Cl,Inactive,0,,,-8.14,0.905239,-9.33594,-7.14643,-7.93767
448,17385624,6902591,CCCCNC(=S)N(C)/N=C/C1=CC=CC=C1C(=O)O,Inactive,0,,,-8.57,0.864401,-8.47343,-9.6712,-7.56024
449,85273781,62770,C[C@H]1[C@H]([C@H](C[C@@H](O1)O[C@H]2C[C@@](CC3=C2C(=C4C(=C3O)C(=O)C5=C(C4=O)C(=CC=C5)OC)O)(C(=O)C)O)N)O.Cl,Inactive,0,,,-8.62,0.340965,-9.03664,-8.62365,-8.20147
450,4245945,3240353,C1CCN(CC1)CC2=CC=C(C=C2)C3=NNN=N3,Inactive,0,,,-9.45,0.537553,-10.2113,-9.1082,-9.03705
451,17432625,5599490,CCCCN1C(=O)C2=NC3=C(C=C(C=C3)N)N=C2NC1=O,Inactive,0,,,-11.77,0.292868,-11.7273,-11.4353,-12.1488
452,24781294,4871598,CCOC(=O)C1CCCN(C1)C2=CC=C(C3=NON=C23)[N+](=O)[O-],Inactive,0,,,-12.55,0.995015,-13.6512,-12.7604,-11.2411
453,864449,665696,CC1=C(C(=CC=C1)C)NC(=O)CON2C(=O)C3=CC=CC=C3N=C2N4C(=CC(=N4)C)C,Inactive,0,,,-14.82,12.6479,-32.7036,-5.79552,-5.95184
454,92763377,83851,CC1C(C(CC(O1)OC2CC(CC3=C2C(=C4C(=C3O)C(=O)C5=C(C4=O)C(=CC=C5)OC)O)(C(=NO)C)O)N)O,Inactive,0,,,-17.55,0.24646,-17.8232,-17.605,-17.2266
455,92764134,319846,CC1C(C(C(C(O1)OC2CC(CC3=CC4=C(C(=C23)O)C(=O)C5=C(C=C6C(=C5C4=O)OC7C(C(C(C6(O7)C)O)N(C)C)O)O)(C)O)OC)(C)OC)OC,Inactive,0,,,-18.64,2.2095,-15.7088,-21.0471,-19.1496
456,24779201,1075260,CC1=C2C(=C(C=C1)N3C(=O)C4=C5C(=C(C=C4)N)C=CC=C5C3=O)C=CC=N2,Inactive,0,,,-32.81,0.746542,-31.8524,-33.672,-32.919
